pid,sid,eHMI,yielding,angle,traffic_flow,psid,gender,age,education,dominant_hand,walk_frequency,vr_frequency,as_familiarity,as_experience,ms_score_n,ms_score_o,ms_score_d,ms_score_ts,pq_score_inv,pq_score_sen,pq_score_int,pq_score_imm,pq_score,trust_score,v_score,l_score,p_score,cluster
10,1,0,0,1,0,10_1,0,27,3,1,5,1,2,1,9.64,7.58,55.68,225.4632,6.25,6.333333333333333,3.3333333333333335,6.75,177.0,5.0,1.25,1.0,4.0,1
10,2,0,0,0,2,10_2,0,27,3,1,5,1,2,1,9.64,7.58,55.68,225.4632,6.25,6.333333333333333,3.3333333333333335,6.75,177.0,5.0,1.25,1.0,4.0,1
10,4,1,0,2,0,10_4,0,27,3,1,5,1,2,1,9.64,7.58,55.68,225.4632,6.25,6.333333333333333,3.3333333333333335,6.75,177.0,5.0,1.25,1.0,4.0,1
10,5,1,1,1,1,10_5,0,27,3,1,5,1,2,1,9.64,7.58,55.68,225.4632,6.25,6.333333333333333,3.3333333333333335,6.75,177.0,5.0,1.25,1.0,4.0,1
10,6,0,1,0,0,10_6,0,27,3,1,5,1,2,1,9.64,7.58,55.68,225.4632,6.25,6.333333333333333,3.3333333333333335,6.75,177.0,5.0,1.25,1.0,4.0,1
10,7,1,0,1,1,10_7,0,27,3,1,5,1,2,1,9.64,7.58,55.68,225.4632,6.25,6.333333333333333,3.3333333333333335,6.75,177.0,5.0,1.25,1.0,4.0,1
10,8,0,0,2,0,10_8,0,27,3,1,5,1,2,1,9.64,7.58,55.68,225.4632,6.25,6.333333333333333,3.3333333333333335,6.75,177.0,5.0,1.25,1.0,4.0,1
10,9,1,1,0,2,10_9,0,27,3,1,5,1,2,1,9.64,7.58,55.68,225.4632,6.25,6.333333333333333,3.3333333333333335,6.75,177.0,5.0,1.25,1.0,4.0,1
10,10,1,1,0,1,10_10,0,27,3,1,5,1,2,1,9.64,7.58,55.68,225.4632,6.25,6.333333333333333,3.3333333333333335,6.75,177.0,5.0,1.25,1.0,4.0,1
10,11,0,0,1,2,10_11,0,27,3,1,5,1,2,1,9.64,7.58,55.68,225.4632,6.25,6.333333333333333,3.3333333333333335,6.75,177.0,5.0,1.25,1.0,4.0,1
10,12,1,1,2,2,10_12,0,27,3,1,5,1,2,1,9.64,7.58,55.68,225.4632,6.25,6.333333333333333,3.3333333333333335,6.75,177.0,5.0,1.25,1.0,4.0,1
11,1,0,0,2,0,11_1,0,23,2,1,5,0,1,1,0.0,7.58,13.92,59.6408,5.666666666666667,4.333333333333333,2.3333333333333335,5.857142857142857,142.0,3.3333333333333335,2.75,1.25,2.0,0
11,2,1,0,2,0,11_2,0,23,2,1,5,0,1,1,0.0,7.58,13.92,59.6408,5.666666666666667,4.333333333333333,2.3333333333333335,5.857142857142857,142.0,3.3333333333333335,2.75,1.25,2.0,0
11,3,1,0,1,1,11_3,0,23,2,1,5,0,1,1,0.0,7.58,13.92,59.6408,5.666666666666667,4.333333333333333,2.3333333333333335,5.857142857142857,142.0,3.3333333333333335,2.75,1.25,2.0,0
11,4,1,1,2,1,11_4,0,23,2,1,5,0,1,1,0.0,7.58,13.92,59.6408,5.666666666666667,4.333333333333333,2.3333333333333335,5.857142857142857,142.0,3.3333333333333335,2.75,1.25,2.0,0
11,5,1,1,0,1,11_5,0,23,2,1,5,0,1,1,0.0,7.58,13.92,59.6408,5.666666666666667,4.333333333333333,2.3333333333333335,5.857142857142857,142.0,3.3333333333333335,2.75,1.25,2.0,0
11,6,0,1,0,0,11_6,0,23,2,1,5,0,1,1,0.0,7.58,13.92,59.6408,5.666666666666667,4.333333333333333,2.3333333333333335,5.857142857142857,142.0,3.3333333333333335,2.75,1.25,2.0,0
11,7,0,1,1,2,11_7,0,23,2,1,5,0,1,1,0.0,7.58,13.92,59.6408,5.666666666666667,4.333333333333333,2.3333333333333335,5.857142857142857,142.0,3.3333333333333335,2.75,1.25,2.0,0
11,8,0,0,1,2,11_8,0,23,2,1,5,0,1,1,0.0,7.58,13.92,59.6408,5.666666666666667,4.333333333333333,2.3333333333333335,5.857142857142857,142.0,3.3333333333333335,2.75,1.25,2.0,0
11,9,0,1,2,1,11_9,0,23,2,1,5,0,1,1,0.0,7.58,13.92,59.6408,5.666666666666667,4.333333333333333,2.3333333333333335,5.857142857142857,142.0,3.3333333333333335,2.75,1.25,2.0,0
11,10,1,1,1,2,11_10,0,23,2,1,5,0,1,1,0.0,7.58,13.92,59.6408,5.666666666666667,4.333333333333333,2.3333333333333335,5.857142857142857,142.0,3.3333333333333335,2.75,1.25,2.0,0
12,2,1,0,2,2,12_2,1,27,3,1,4,1,3,1,9.64,7.58,55.68,225.4632,4.545454545454546,5.0,2.0,6.0,134.0,6.333333333333333,1.75,3.0,6.0,1
12,3,1,1,2,1,12_3,1,27,3,1,4,1,3,1,9.64,7.58,55.68,225.4632,4.545454545454546,5.0,2.0,6.0,134.0,6.333333333333333,1.75,3.0,6.0,1
12,4,0,0,2,2,12_4,1,27,3,1,4,1,3,1,9.64,7.58,55.68,225.4632,4.545454545454546,5.0,2.0,6.0,134.0,6.333333333333333,1.75,3.0,6.0,1
12,5,0,1,2,0,12_5,1,27,3,1,4,1,3,1,9.64,7.58,55.68,225.4632,4.545454545454546,5.0,2.0,6.0,134.0,6.333333333333333,1.75,3.0,6.0,1
12,6,0,0,1,2,12_6,1,27,3,1,4,1,3,1,9.64,7.58,55.68,225.4632,4.545454545454546,5.0,2.0,6.0,134.0,6.333333333333333,1.75,3.0,6.0,1
12,7,1,1,0,0,12_7,1,27,3,1,4,1,3,1,9.64,7.58,55.68,225.4632,4.545454545454546,5.0,2.0,6.0,134.0,6.333333333333333,1.75,3.0,6.0,1
12,8,0,1,0,1,12_8,1,27,3,1,4,1,3,1,9.64,7.58,55.68,225.4632,4.545454545454546,5.0,2.0,6.0,134.0,6.333333333333333,1.75,3.0,6.0,1
12,9,1,0,1,1,12_9,1,27,3,1,4,1,3,1,9.64,7.58,55.68,225.4632,4.545454545454546,5.0,2.0,6.0,134.0,6.333333333333333,1.75,3.0,6.0,1
12,10,0,1,0,0,12_10,1,27,3,1,4,1,3,1,9.64,7.58,55.68,225.4632,4.545454545454546,5.0,2.0,6.0,134.0,6.333333333333333,1.75,3.0,6.0,1
12,11,1,1,1,2,12_11,1,27,3,1,4,1,3,1,9.64,7.58,55.68,225.4632,4.545454545454546,5.0,2.0,6.0,134.0,6.333333333333333,1.75,3.0,6.0,1
12,12,0,0,1,0,12_12,1,27,3,1,4,1,3,1,9.64,7.58,55.68,225.4632,4.545454545454546,5.0,2.0,6.0,134.0,6.333333333333333,1.75,3.0,6.0,1
13,1,1,1,1,1,13_1,1,27,2,1,5,1,3,0,0.0,0.0,0.0,0.0,5.416666666666667,5.5,1.6666666666666667,6.875,158.0,6.666666666666667,5.5,1.0,4.666666666666667,2
13,2,1,1,0,2,13_2,1,27,2,1,5,1,3,0,0.0,0.0,0.0,0.0,5.416666666666667,5.5,1.6666666666666667,6.875,158.0,6.666666666666667,5.5,1.0,4.666666666666667,2
13,3,0,0,0,2,13_3,1,27,2,1,5,1,3,0,0.0,0.0,0.0,0.0,5.416666666666667,5.5,1.6666666666666667,6.875,158.0,6.666666666666667,5.5,1.0,4.666666666666667,2
13,4,0,0,1,0,13_4,1,27,2,1,5,1,3,0,0.0,0.0,0.0,0.0,5.416666666666667,5.5,1.6666666666666667,6.875,158.0,6.666666666666667,5.5,1.0,4.666666666666667,2
13,5,0,1,2,0,13_5,1,27,2,1,5,1,3,0,0.0,0.0,0.0,0.0,5.416666666666667,5.5,1.6666666666666667,6.875,158.0,6.666666666666667,5.5,1.0,4.666666666666667,2
13,6,1,0,0,1,13_6,1,27,2,1,5,1,3,0,0.0,0.0,0.0,0.0,5.416666666666667,5.5,1.6666666666666667,6.875,158.0,6.666666666666667,5.5,1.0,4.666666666666667,2
13,7,1,0,1,0,13_7,1,27,2,1,5,1,3,0,0.0,0.0,0.0,0.0,5.416666666666667,5.5,1.6666666666666667,6.875,158.0,6.666666666666667,5.5,1.0,4.666666666666667,2
13,8,0,0,0,0,13_8,1,27,2,1,5,1,3,0,0.0,0.0,0.0,0.0,5.416666666666667,5.5,1.6666666666666667,6.875,158.0,6.666666666666667,5.5,1.0,4.666666666666667,2
13,9,0,1,2,2,13_9,1,27,2,1,5,1,3,0,0.0,0.0,0.0,0.0,5.416666666666667,5.5,1.6666666666666667,6.875,158.0,6.666666666666667,5.5,1.0,4.666666666666667,2
13,10,0,1,1,1,13_10,1,27,2,1,5,1,3,0,0.0,0.0,0.0,0.0,5.416666666666667,5.5,1.6666666666666667,6.875,158.0,6.666666666666667,5.5,1.0,4.666666666666667,2
13,11,1,0,2,1,13_11,1,27,2,1,5,1,3,0,0.0,0.0,0.0,0.0,5.416666666666667,5.5,1.6666666666666667,6.875,158.0,6.666666666666667,5.5,1.0,4.666666666666667,2
13,12,1,1,2,2,13_12,1,27,2,1,5,1,3,0,0.0,0.0,0.0,0.0,5.416666666666667,5.5,1.6666666666666667,6.875,158.0,6.666666666666667,5.5,1.0,4.666666666666667,2
14,1,1,1,0,2,14_1,1,61,3,1,5,0,2,0,0.0,7.58,13.92,59.6408,5.166666666666667,2.6666666666666665,1.6666666666666667,5.142857142857143,119.0,2.6666666666666665,4.5,3.25,2.6666666666666665,2
14,2,1,1,2,1,14_2,1,61,3,1,5,0,2,0,0.0,7.58,13.92,59.6408,5.166666666666667,2.6666666666666665,1.6666666666666667,5.142857142857143,119.0,2.6666666666666665,4.5,3.25,2.6666666666666665,2
14,3,0,1,1,2,14_3,1,61,3,1,5,0,2,0,0.0,7.58,13.92,59.6408,5.166666666666667,2.6666666666666665,1.6666666666666667,5.142857142857143,119.0,2.6666666666666665,4.5,3.25,2.6666666666666665,2
14,4,0,1,0,0,14_4,1,61,3,1,5,0,2,0,0.0,7.58,13.92,59.6408,5.166666666666667,2.6666666666666665,1.6666666666666667,5.142857142857143,119.0,2.6666666666666665,4.5,3.25,2.6666666666666665,2
14,5,0,0,1,0,14_5,1,61,3,1,5,0,2,0,0.0,7.58,13.92,59.6408,5.166666666666667,2.6666666666666665,1.6666666666666667,5.142857142857143,119.0,2.6666666666666665,4.5,3.25,2.6666666666666665,2
14,6,0,1,0,2,14_6,1,61,3,1,5,0,2,0,0.0,7.58,13.92,59.6408,5.166666666666667,2.6666666666666665,1.6666666666666667,5.142857142857143,119.0,2.6666666666666665,4.5,3.25,2.6666666666666665,2
14,7,1,0,0,0,14_7,1,61,3,1,5,0,2,0,0.0,7.58,13.92,59.6408,5.166666666666667,2.6666666666666665,1.6666666666666667,5.142857142857143,119.0,2.6666666666666665,4.5,3.25,2.6666666666666665,2
14,8,0,0,2,1,14_8,1,61,3,1,5,0,2,0,0.0,7.58,13.92,59.6408,5.166666666666667,2.6666666666666665,1.6666666666666667,5.142857142857143,119.0,2.6666666666666665,4.5,3.25,2.6666666666666665,2
14,9,0,1,2,1,14_9,1,61,3,1,5,0,2,0,0.0,7.58,13.92,59.6408,5.166666666666667,2.6666666666666665,1.6666666666666667,5.142857142857143,119.0,2.6666666666666665,4.5,3.25,2.6666666666666665,2
14,10,1,0,1,1,14_10,1,61,3,1,5,0,2,0,0.0,7.58,13.92,59.6408,5.166666666666667,2.6666666666666665,1.6666666666666667,5.142857142857143,119.0,2.6666666666666665,4.5,3.25,2.6666666666666665,2
14,11,1,0,1,0,14_11,1,61,3,1,5,0,2,0,0.0,7.58,13.92,59.6408,5.166666666666667,2.6666666666666665,1.6666666666666667,5.142857142857143,119.0,2.6666666666666665,4.5,3.25,2.6666666666666665,2
14,12,1,0,2,2,14_12,1,61,3,1,5,0,2,0,0.0,7.58,13.92,59.6408,5.166666666666667,2.6666666666666665,1.6666666666666667,5.142857142857143,119.0,2.6666666666666665,4.5,3.25,2.6666666666666665,2
15,1,1,0,1,0,15_1,1,23,3,1,5,1,2,1,19.28,22.74,83.52,354.3848,4.416666666666667,4.833333333333333,1.6666666666666667,5.166666666666667,118.0,5.333333333333333,4.25,2.5,4.0,2
15,2,0,1,2,2,15_2,1,23,3,1,5,1,2,1,19.28,22.74,83.52,354.3848,4.416666666666667,4.833333333333333,1.6666666666666667,5.166666666666667,118.0,5.333333333333333,4.25,2.5,4.0,2
15,3,0,1,2,0,15_3,1,23,3,1,5,1,2,1,19.28,22.74,83.52,354.3848,4.416666666666667,4.833333333333333,1.6666666666666667,5.166666666666667,118.0,5.333333333333333,4.25,2.5,4.0,2
15,4,0,0,2,1,15_4,1,23,3,1,5,1,2,1,19.28,22.74,83.52,354.3848,4.416666666666667,4.833333333333333,1.6666666666666667,5.166666666666667,118.0,5.333333333333333,4.25,2.5,4.0,2
15,5,0,0,1,2,15_5,1,23,3,1,5,1,2,1,19.28,22.74,83.52,354.3848,4.416666666666667,4.833333333333333,1.6666666666666667,5.166666666666667,118.0,5.333333333333333,4.25,2.5,4.0,2
15,6,1,1,0,2,15_6,1,23,3,1,5,1,2,1,19.28,22.74,83.52,354.3848,4.416666666666667,4.833333333333333,1.6666666666666667,5.166666666666667,118.0,5.333333333333333,4.25,2.5,4.0,2
15,7,1,0,1,1,15_7,1,23,3,1,5,1,2,1,19.28,22.74,83.52,354.3848,4.416666666666667,4.833333333333333,1.6666666666666667,5.166666666666667,118.0,5.333333333333333,4.25,2.5,4.0,2
15,8,1,1,0,1,15_8,1,23,3,1,5,1,2,1,19.28,22.74,83.52,354.3848,4.416666666666667,4.833333333333333,1.6666666666666667,5.166666666666667,118.0,5.333333333333333,4.25,2.5,4.0,2
15,9,0,1,1,0,15_9,1,23,3,1,5,1,2,1,19.28,22.74,83.52,354.3848,4.416666666666667,4.833333333333333,1.6666666666666667,5.166666666666667,118.0,5.333333333333333,4.25,2.5,4.0,2
15,11,1,0,0,2,15_11,1,23,3,1,5,1,2,1,19.28,22.74,83.52,354.3848,4.416666666666667,4.833333333333333,1.6666666666666667,5.166666666666667,118.0,5.333333333333333,4.25,2.5,4.0,2
16,1,1,1,2,2,16_1,0,22,2,1,5,1,1,0,19.28,15.16,55.68,242.6832,6.25,4.833333333333333,3.3333333333333335,6.0,156.0,5.0,4.0,1.25,2.6666666666666665,0
16,2,1,0,1,1,16_2,0,22,2,1,5,1,1,0,19.28,15.16,55.68,242.6832,6.25,4.833333333333333,3.3333333333333335,6.0,156.0,5.0,4.0,1.25,2.6666666666666665,0
16,3,0,1,0,0,16_3,0,22,2,1,5,1,1,0,19.28,15.16,55.68,242.6832,6.25,4.833333333333333,3.3333333333333335,6.0,156.0,5.0,4.0,1.25,2.6666666666666665,0
16,4,1,1,1,0,16_4,0,22,2,1,5,1,1,0,19.28,15.16,55.68,242.6832,6.25,4.833333333333333,3.3333333333333335,6.0,156.0,5.0,4.0,1.25,2.6666666666666665,0
16,5,0,1,2,2,16_5,0,22,2,1,5,1,1,0,19.28,15.16,55.68,242.6832,6.25,4.833333333333333,3.3333333333333335,6.0,156.0,5.0,4.0,1.25,2.6666666666666665,0
16,6,0,0,2,2,16_6,0,22,2,1,5,1,1,0,19.28,15.16,55.68,242.6832,6.25,4.833333333333333,3.3333333333333335,6.0,156.0,5.0,4.0,1.25,2.6666666666666665,0
16,7,1,0,2,1,16_7,0,22,2,1,5,1,1,0,19.28,15.16,55.68,242.6832,6.25,4.833333333333333,3.3333333333333335,6.0,156.0,5.0,4.0,1.25,2.6666666666666665,0
16,8,0,0,1,1,16_8,0,22,2,1,5,1,1,0,19.28,15.16,55.68,242.6832,6.25,4.833333333333333,3.3333333333333335,6.0,156.0,5.0,4.0,1.25,2.6666666666666665,0
16,9,0,1,1,2,16_9,0,22,2,1,5,1,1,0,19.28,15.16,55.68,242.6832,6.25,4.833333333333333,3.3333333333333335,6.0,156.0,5.0,4.0,1.25,2.6666666666666665,0
16,10,0,0,0,0,16_10,0,22,2,1,5,1,1,0,19.28,15.16,55.68,242.6832,6.25,4.833333333333333,3.3333333333333335,6.0,156.0,5.0,4.0,1.25,2.6666666666666665,0
16,11,1,0,0,0,16_11,0,22,2,1,5,1,1,0,19.28,15.16,55.68,242.6832,6.25,4.833333333333333,3.3333333333333335,6.0,156.0,5.0,4.0,1.25,2.6666666666666665,0
16,12,1,1,0,1,16_12,0,22,2,1,5,1,1,0,19.28,15.16,55.68,242.6832,6.25,4.833333333333333,3.3333333333333335,6.0,156.0,5.0,4.0,1.25,2.6666666666666665,0
17,1,0,1,1,0,17_1,1,22,2,1,5,2,1,2,0.0,15.16,27.84,119.2816,6.25,6.333333333333333,3.0,6.5,174.0,7.0,1.5,1.25,4.333333333333333,0
17,3,1,0,2,1,17_3,1,22,2,1,5,2,1,2,0.0,15.16,27.84,119.2816,6.25,6.333333333333333,3.0,6.5,174.0,7.0,1.5,1.25,4.333333333333333,0
17,4,1,0,2,0,17_4,1,22,2,1,5,2,1,2,0.0,15.16,27.84,119.2816,6.25,6.333333333333333,3.0,6.5,174.0,7.0,1.5,1.25,4.333333333333333,0
17,5,1,0,1,1,17_5,1,22,2,1,5,2,1,2,0.0,15.16,27.84,119.2816,6.25,6.333333333333333,3.0,6.5,174.0,7.0,1.5,1.25,4.333333333333333,0
17,6,0,0,2,2,17_6,1,22,2,1,5,2,1,2,0.0,15.16,27.84,119.2816,6.25,6.333333333333333,3.0,6.5,174.0,7.0,1.5,1.25,4.333333333333333,0
17,7,0,0,0,0,17_7,1,22,2,1,5,2,1,2,0.0,15.16,27.84,119.2816,6.25,6.333333333333333,3.0,6.5,174.0,7.0,1.5,1.25,4.333333333333333,0
17,8,1,0,0,2,17_8,1,22,2,1,5,2,1,2,0.0,15.16,27.84,119.2816,6.25,6.333333333333333,3.0,6.5,174.0,7.0,1.5,1.25,4.333333333333333,0
17,9,0,1,2,1,17_9,1,22,2,1,5,2,1,2,0.0,15.16,27.84,119.2816,6.25,6.333333333333333,3.0,6.5,174.0,7.0,1.5,1.25,4.333333333333333,0
17,10,0,1,0,0,17_10,1,22,2,1,5,2,1,2,0.0,15.16,27.84,119.2816,6.25,6.333333333333333,3.0,6.5,174.0,7.0,1.5,1.25,4.333333333333333,0
17,11,0,1,1,2,17_11,1,22,2,1,5,2,1,2,0.0,15.16,27.84,119.2816,6.25,6.333333333333333,3.0,6.5,174.0,7.0,1.5,1.25,4.333333333333333,0
17,12,1,1,1,1,17_12,1,22,2,1,5,2,1,2,0.0,15.16,27.84,119.2816,6.25,6.333333333333333,3.0,6.5,174.0,7.0,1.5,1.25,4.333333333333333,0
18,1,0,0,2,2,18_1,0,22,2,1,5,0,3,0,9.64,15.16,41.76,180.9824,5.916666666666667,4.666666666666667,1.3333333333333333,5.5,147.0,4.5,3.5,2.5,3.0,2
18,2,1,1,2,2,18_2,0,22,2,1,5,0,3,0,9.64,15.16,41.76,180.9824,5.916666666666667,4.666666666666667,1.3333333333333333,5.5,147.0,4.5,3.5,2.5,3.0,2
18,3,1,0,0,1,18_3,0,22,2,1,5,0,3,0,9.64,15.16,41.76,180.9824,5.916666666666667,4.666666666666667,1.3333333333333333,5.5,147.0,4.5,3.5,2.5,3.0,2
18,4,0,0,1,2,18_4,0,22,2,1,5,0,3,0,9.64,15.16,41.76,180.9824,5.916666666666667,4.666666666666667,1.3333333333333333,5.5,147.0,4.5,3.5,2.5,3.0,2
18,5,1,0,0,0,18_5,0,22,2,1,5,0,3,0,9.64,15.16,41.76,180.9824,5.916666666666667,4.666666666666667,1.3333333333333333,5.5,147.0,4.5,3.5,2.5,3.0,2
18,6,1,1,2,0,18_6,0,22,2,1,5,0,3,0,9.64,15.16,41.76,180.9824,5.916666666666667,4.666666666666667,1.3333333333333333,5.5,147.0,4.5,3.5,2.5,3.0,2
18,7,0,1,1,0,18_7,0,22,2,1,5,0,3,0,9.64,15.16,41.76,180.9824,5.916666666666667,4.666666666666667,1.3333333333333333,5.5,147.0,4.5,3.5,2.5,3.0,2
18,8,1,1,1,2,18_8,0,22,2,1,5,0,3,0,9.64,15.16,41.76,180.9824,5.916666666666667,4.666666666666667,1.3333333333333333,5.5,147.0,4.5,3.5,2.5,3.0,2
18,9,0,0,1,0,18_9,0,22,2,1,5,0,3,0,9.64,15.16,41.76,180.9824,5.916666666666667,4.666666666666667,1.3333333333333333,5.5,147.0,4.5,3.5,2.5,3.0,2
18,10,1,1,0,1,18_10,0,22,2,1,5,0,3,0,9.64,15.16,41.76,180.9824,5.916666666666667,4.666666666666667,1.3333333333333333,5.5,147.0,4.5,3.5,2.5,3.0,2
18,11,0,1,0,1,18_11,0,22,2,1,5,0,3,0,9.64,15.16,41.76,180.9824,5.916666666666667,4.666666666666667,1.3333333333333333,5.5,147.0,4.5,3.5,2.5,3.0,2
18,12,0,0,2,1,18_12,0,22,2,1,5,0,3,0,9.64,15.16,41.76,180.9824,5.916666666666667,4.666666666666667,1.3333333333333333,5.5,147.0,4.5,3.5,2.5,3.0,2
19,1,1,0,1,1,19_1,0,27,3,1,5,0,1,0,0.0,0.0,0.0,0.0,6.416666666666667,5.833333333333333,2.6666666666666665,6.625,173.0,5.0,1.25,2.0,4.333333333333333,1
19,2,1,1,0,2,19_2,0,27,3,1,5,0,1,0,0.0,0.0,0.0,0.0,6.416666666666667,5.833333333333333,2.6666666666666665,6.625,173.0,5.0,1.25,2.0,4.333333333333333,1
19,3,1,0,0,0,19_3,0,27,3,1,5,0,1,0,0.0,0.0,0.0,0.0,6.416666666666667,5.833333333333333,2.6666666666666665,6.625,173.0,5.0,1.25,2.0,4.333333333333333,1
19,4,0,0,2,2,19_4,0,27,3,1,5,0,1,0,0.0,0.0,0.0,0.0,6.416666666666667,5.833333333333333,2.6666666666666665,6.625,173.0,5.0,1.25,2.0,4.333333333333333,1
19,5,1,1,1,2,19_5,0,27,3,1,5,0,1,0,0.0,0.0,0.0,0.0,6.416666666666667,5.833333333333333,2.6666666666666665,6.625,173.0,5.0,1.25,2.0,4.333333333333333,1
19,6,0,1,2,2,19_6,0,27,3,1,5,0,1,0,0.0,0.0,0.0,0.0,6.416666666666667,5.833333333333333,2.6666666666666665,6.625,173.0,5.0,1.25,2.0,4.333333333333333,1
19,7,0,0,0,1,19_7,0,27,3,1,5,0,1,0,0.0,0.0,0.0,0.0,6.416666666666667,5.833333333333333,2.6666666666666665,6.625,173.0,5.0,1.25,2.0,4.333333333333333,1
19,8,0,0,1,0,19_8,0,27,3,1,5,0,1,0,0.0,0.0,0.0,0.0,6.416666666666667,5.833333333333333,2.6666666666666665,6.625,173.0,5.0,1.25,2.0,4.333333333333333,1
19,9,0,1,1,0,19_9,0,27,3,1,5,0,1,0,0.0,0.0,0.0,0.0,6.416666666666667,5.833333333333333,2.6666666666666665,6.625,173.0,5.0,1.25,2.0,4.333333333333333,1
19,10,0,1,0,0,19_10,0,27,3,1,5,0,1,0,0.0,0.0,0.0,0.0,6.416666666666667,5.833333333333333,2.6666666666666665,6.625,173.0,5.0,1.25,2.0,4.333333333333333,1
19,11,1,0,2,1,19_11,0,27,3,1,5,0,1,0,0.0,0.0,0.0,0.0,6.416666666666667,5.833333333333333,2.6666666666666665,6.625,173.0,5.0,1.25,2.0,4.333333333333333,1
19,12,1,1,2,1,19_12,0,27,3,1,5,0,1,0,0.0,0.0,0.0,0.0,6.416666666666667,5.833333333333333,2.6666666666666665,6.625,173.0,5.0,1.25,2.0,4.333333333333333,1
1,1,0,0,2,1,1_1,1,28,3,1,5,1,0,0,0.0,0.0,13.92,52.0608,5.333333333333333,2.6666666666666665,2.0,4.375,121.0,4.666666666666667,2.25,1.25,4.0,1
1,2,0,1,2,2,1_2,1,28,3,1,5,1,0,0,0.0,0.0,13.92,52.0608,5.333333333333333,2.6666666666666665,2.0,4.375,121.0,4.666666666666667,2.25,1.25,4.0,1
1,3,1,0,0,0,1_3,1,28,3,1,5,1,0,0,0.0,0.0,13.92,52.0608,5.333333333333333,2.6666666666666665,2.0,4.375,121.0,4.666666666666667,2.25,1.25,4.0,1
1,4,1,0,1,1,1_4,1,28,3,1,5,1,0,0,0.0,0.0,13.92,52.0608,5.333333333333333,2.6666666666666665,2.0,4.375,121.0,4.666666666666667,2.25,1.25,4.0,1
1,5,1,1,1,2,1_5,1,28,3,1,5,1,0,0,0.0,0.0,13.92,52.0608,5.333333333333333,2.6666666666666665,2.0,4.375,121.0,4.666666666666667,2.25,1.25,4.0,1
1,6,0,1,1,1,1_6,1,28,3,1,5,1,0,0,0.0,0.0,13.92,52.0608,5.333333333333333,2.6666666666666665,2.0,4.375,121.0,4.666666666666667,2.25,1.25,4.0,1
1,8,0,0,0,2,1_8,1,28,3,1,5,1,0,0,0.0,0.0,13.92,52.0608,5.333333333333333,2.6666666666666665,2.0,4.375,121.0,4.666666666666667,2.25,1.25,4.0,1
1,9,0,1,1,0,1_9,1,28,3,1,5,1,0,0,0.0,0.0,13.92,52.0608,5.333333333333333,2.6666666666666665,2.0,4.375,121.0,4.666666666666667,2.25,1.25,4.0,1
1,10,0,1,0,2,1_10,1,28,3,1,5,1,0,0,0.0,0.0,13.92,52.0608,5.333333333333333,2.6666666666666665,2.0,4.375,121.0,4.666666666666667,2.25,1.25,4.0,1
1,11,1,1,2,0,1_11,1,28,3,1,5,1,0,0,0.0,0.0,13.92,52.0608,5.333333333333333,2.6666666666666665,2.0,4.375,121.0,4.666666666666667,2.25,1.25,4.0,1
1,12,1,0,0,1,1_12,1,28,3,1,5,1,0,0,0.0,0.0,13.92,52.0608,5.333333333333333,2.6666666666666665,2.0,4.375,121.0,4.666666666666667,2.25,1.25,4.0,1
20,1,1,1,0,0,20_1,1,24,2,1,4,1,1,0,9.64,22.74,41.76,188.5624,5.083333333333333,4.5,1.0,6.0,133.0,5.333333333333333,3.5,1.0,4.333333333333333,0
20,3,0,0,0,2,20_3,1,24,2,1,4,1,1,0,9.64,22.74,41.76,188.5624,5.083333333333333,4.5,1.0,6.0,133.0,5.333333333333333,3.5,1.0,4.333333333333333,0
20,4,0,0,2,2,20_4,1,24,2,1,4,1,1,0,9.64,22.74,41.76,188.5624,5.083333333333333,4.5,1.0,6.0,133.0,5.333333333333333,3.5,1.0,4.333333333333333,0
20,5,1,0,1,0,20_5,1,24,2,1,4,1,1,0,9.64,22.74,41.76,188.5624,5.083333333333333,4.5,1.0,6.0,133.0,5.333333333333333,3.5,1.0,4.333333333333333,0
20,6,0,0,1,1,20_6,1,24,2,1,4,1,1,0,9.64,22.74,41.76,188.5624,5.083333333333333,4.5,1.0,6.0,133.0,5.333333333333333,3.5,1.0,4.333333333333333,0
20,7,1,0,0,0,20_7,1,24,2,1,4,1,1,0,9.64,22.74,41.76,188.5624,5.083333333333333,4.5,1.0,6.0,133.0,5.333333333333333,3.5,1.0,4.333333333333333,0
20,8,0,1,0,2,20_8,1,24,2,1,4,1,1,0,9.64,22.74,41.76,188.5624,5.083333333333333,4.5,1.0,6.0,133.0,5.333333333333333,3.5,1.0,4.333333333333333,0
20,9,1,0,2,0,20_9,1,24,2,1,4,1,1,0,9.64,22.74,41.76,188.5624,5.083333333333333,4.5,1.0,6.0,133.0,5.333333333333333,3.5,1.0,4.333333333333333,0
20,10,0,1,1,2,20_10,1,24,2,1,4,1,1,0,9.64,22.74,41.76,188.5624,5.083333333333333,4.5,1.0,6.0,133.0,5.333333333333333,3.5,1.0,4.333333333333333,0
20,11,1,1,2,1,20_11,1,24,2,1,4,1,1,0,9.64,22.74,41.76,188.5624,5.083333333333333,4.5,1.0,6.0,133.0,5.333333333333333,3.5,1.0,4.333333333333333,0
20,12,0,1,2,1,20_12,1,24,2,1,4,1,1,0,9.64,22.74,41.76,188.5624,5.083333333333333,4.5,1.0,6.0,133.0,5.333333333333333,3.5,1.0,4.333333333333333,0
21,1,1,1,2,1,21_1,0,27,2,1,5,0,3,2,9.64,15.16,27.84,128.9216,6.75,5.666666666666667,1.6666666666666667,6.75,174.0,5.333333333333333,3.25,1.0,5.0,0
21,2,0,1,0,1,21_2,0,27,2,1,5,0,3,2,9.64,15.16,27.84,128.9216,6.75,5.666666666666667,1.6666666666666667,6.75,174.0,5.333333333333333,3.25,1.0,5.0,0
21,3,0,1,2,0,21_3,0,27,2,1,5,0,3,2,9.64,15.16,27.84,128.9216,6.75,5.666666666666667,1.6666666666666667,6.75,174.0,5.333333333333333,3.25,1.0,5.0,0
21,4,0,1,0,2,21_4,0,27,2,1,5,0,3,2,9.64,15.16,27.84,128.9216,6.75,5.666666666666667,1.6666666666666667,6.75,174.0,5.333333333333333,3.25,1.0,5.0,0
21,5,1,1,1,0,21_5,0,27,2,1,5,0,3,2,9.64,15.16,27.84,128.9216,6.75,5.666666666666667,1.6666666666666667,6.75,174.0,5.333333333333333,3.25,1.0,5.0,0
21,7,1,0,2,1,21_7,0,27,2,1,5,0,3,2,9.64,15.16,27.84,128.9216,6.75,5.666666666666667,1.6666666666666667,6.75,174.0,5.333333333333333,3.25,1.0,5.0,0
21,8,0,0,0,0,21_8,0,27,2,1,5,0,3,2,9.64,15.16,27.84,128.9216,6.75,5.666666666666667,1.6666666666666667,6.75,174.0,5.333333333333333,3.25,1.0,5.0,0
21,11,0,0,1,2,21_11,0,27,2,1,5,0,3,2,9.64,15.16,27.84,128.9216,6.75,5.666666666666667,1.6666666666666667,6.75,174.0,5.333333333333333,3.25,1.0,5.0,0
22,1,1,1,1,1,22_1,0,23,2,1,5,2,2,2,19.28,15.16,41.76,190.6224,6.416666666666667,6.333333333333333,3.6666666666666665,6.125,175.0,5.833333333333333,3.75,2.5,5.333333333333333,2
22,2,1,0,1,0,22_2,0,23,2,1,5,2,2,2,19.28,15.16,41.76,190.6224,6.416666666666667,6.333333333333333,3.6666666666666665,6.125,175.0,5.833333333333333,3.75,2.5,5.333333333333333,2
22,3,1,0,0,1,22_3,0,23,2,1,5,2,2,2,19.28,15.16,41.76,190.6224,6.416666666666667,6.333333333333333,3.6666666666666665,6.125,175.0,5.833333333333333,3.75,2.5,5.333333333333333,2
22,4,0,1,2,2,22_4,0,23,2,1,5,2,2,2,19.28,15.16,41.76,190.6224,6.416666666666667,6.333333333333333,3.6666666666666665,6.125,175.0,5.833333333333333,3.75,2.5,5.333333333333333,2
22,5,0,1,2,1,22_5,0,23,2,1,5,2,2,2,19.28,15.16,41.76,190.6224,6.416666666666667,6.333333333333333,3.6666666666666665,6.125,175.0,5.833333333333333,3.75,2.5,5.333333333333333,2
22,6,1,0,2,0,22_6,0,23,2,1,5,2,2,2,19.28,15.16,41.76,190.6224,6.416666666666667,6.333333333333333,3.6666666666666665,6.125,175.0,5.833333333333333,3.75,2.5,5.333333333333333,2
22,7,1,1,0,1,22_7,0,23,2,1,5,2,2,2,19.28,15.16,41.76,190.6224,6.416666666666667,6.333333333333333,3.6666666666666665,6.125,175.0,5.833333333333333,3.75,2.5,5.333333333333333,2
22,8,0,1,1,2,22_8,0,23,2,1,5,2,2,2,19.28,15.16,41.76,190.6224,6.416666666666667,6.333333333333333,3.6666666666666665,6.125,175.0,5.833333333333333,3.75,2.5,5.333333333333333,2
22,9,0,1,1,0,22_9,0,23,2,1,5,2,2,2,19.28,15.16,41.76,190.6224,6.416666666666667,6.333333333333333,3.6666666666666665,6.125,175.0,5.833333333333333,3.75,2.5,5.333333333333333,2
22,10,0,0,0,0,22_10,0,23,2,1,5,2,2,2,19.28,15.16,41.76,190.6224,6.416666666666667,6.333333333333333,3.6666666666666665,6.125,175.0,5.833333333333333,3.75,2.5,5.333333333333333,2
22,11,0,0,2,2,22_11,0,23,2,1,5,2,2,2,19.28,15.16,41.76,190.6224,6.416666666666667,6.333333333333333,3.6666666666666665,6.125,175.0,5.833333333333333,3.75,2.5,5.333333333333333,2
22,12,1,0,0,2,22_12,0,23,2,1,5,2,2,2,19.28,15.16,41.76,190.6224,6.416666666666667,6.333333333333333,3.6666666666666665,6.125,175.0,5.833333333333333,3.75,2.5,5.333333333333333,2
23,1,1,0,0,1,23_1,0,29,3,1,2,2,2,2,0.0,0.0,0.0,0.0,6.0,5.833333333333333,1.3333333333333333,7.0,167.0,5.333333333333333,1.75,2.5,5.0,1
23,2,0,0,2,0,23_2,0,29,3,1,2,2,2,2,0.0,0.0,0.0,0.0,6.0,5.833333333333333,1.3333333333333333,7.0,167.0,5.333333333333333,1.75,2.5,5.0,1
23,3,1,1,1,0,23_3,0,29,3,1,2,2,2,2,0.0,0.0,0.0,0.0,6.0,5.833333333333333,1.3333333333333333,7.0,167.0,5.333333333333333,1.75,2.5,5.0,1
23,5,1,1,2,2,23_5,0,29,3,1,2,2,2,2,0.0,0.0,0.0,0.0,6.0,5.833333333333333,1.3333333333333333,7.0,167.0,5.333333333333333,1.75,2.5,5.0,1
23,6,0,0,1,1,23_6,0,29,3,1,2,2,2,2,0.0,0.0,0.0,0.0,6.0,5.833333333333333,1.3333333333333333,7.0,167.0,5.333333333333333,1.75,2.5,5.0,1
23,7,1,0,1,0,23_7,0,29,3,1,2,2,2,2,0.0,0.0,0.0,0.0,6.0,5.833333333333333,1.3333333333333333,7.0,167.0,5.333333333333333,1.75,2.5,5.0,1
23,8,0,1,1,1,23_8,0,29,3,1,2,2,2,2,0.0,0.0,0.0,0.0,6.0,5.833333333333333,1.3333333333333333,7.0,167.0,5.333333333333333,1.75,2.5,5.0,1
23,9,1,0,2,0,23_9,0,29,3,1,2,2,2,2,0.0,0.0,0.0,0.0,6.0,5.833333333333333,1.3333333333333333,7.0,167.0,5.333333333333333,1.75,2.5,5.0,1
23,10,0,1,2,1,23_10,0,29,3,1,2,2,2,2,0.0,0.0,0.0,0.0,6.0,5.833333333333333,1.3333333333333333,7.0,167.0,5.333333333333333,1.75,2.5,5.0,1
23,11,0,0,0,2,23_11,0,29,3,1,2,2,2,2,0.0,0.0,0.0,0.0,6.0,5.833333333333333,1.3333333333333333,7.0,167.0,5.333333333333333,1.75,2.5,5.0,1
23,12,1,1,0,2,23_12,0,29,3,1,2,2,2,2,0.0,0.0,0.0,0.0,6.0,5.833333333333333,1.3333333333333333,7.0,167.0,5.333333333333333,1.75,2.5,5.0,1
24,1,1,1,0,2,24_1,1,24,2,1,5,2,3,2,0.0,0.0,0.0,0.0,6.5,5.666666666666667,3.0,6.125,170.0,6.166666666666667,1.25,2.25,4.333333333333333,1
24,2,1,1,1,2,24_2,1,24,2,1,5,2,3,2,0.0,0.0,0.0,0.0,6.5,5.666666666666667,3.0,6.125,170.0,6.166666666666667,1.25,2.25,4.333333333333333,1
24,3,1,0,2,1,24_3,1,24,2,1,5,2,3,2,0.0,0.0,0.0,0.0,6.5,5.666666666666667,3.0,6.125,170.0,6.166666666666667,1.25,2.25,4.333333333333333,1
24,5,0,0,0,2,24_5,1,24,2,1,5,2,3,2,0.0,0.0,0.0,0.0,6.5,5.666666666666667,3.0,6.125,170.0,6.166666666666667,1.25,2.25,4.333333333333333,1
24,6,0,1,1,1,24_6,1,24,2,1,5,2,3,2,0.0,0.0,0.0,0.0,6.5,5.666666666666667,3.0,6.125,170.0,6.166666666666667,1.25,2.25,4.333333333333333,1
24,7,1,0,0,1,24_7,1,24,2,1,5,2,3,2,0.0,0.0,0.0,0.0,6.5,5.666666666666667,3.0,6.125,170.0,6.166666666666667,1.25,2.25,4.333333333333333,1
24,8,1,1,2,1,24_8,1,24,2,1,5,2,3,2,0.0,0.0,0.0,0.0,6.5,5.666666666666667,3.0,6.125,170.0,6.166666666666667,1.25,2.25,4.333333333333333,1
24,10,0,0,0,0,24_10,1,24,2,1,5,2,3,2,0.0,0.0,0.0,0.0,6.5,5.666666666666667,3.0,6.125,170.0,6.166666666666667,1.25,2.25,4.333333333333333,1
24,11,0,1,2,0,24_11,1,24,2,1,5,2,3,2,0.0,0.0,0.0,0.0,6.5,5.666666666666667,3.0,6.125,170.0,6.166666666666667,1.25,2.25,4.333333333333333,1
24,12,0,0,2,2,24_12,1,24,2,1,5,2,3,2,0.0,0.0,0.0,0.0,6.5,5.666666666666667,3.0,6.125,170.0,6.166666666666667,1.25,2.25,4.333333333333333,1
25,1,0,0,2,0,25_1,1,28,3,1,5,1,4,3,9.64,7.58,27.84,121.3416,5.416666666666667,5.5,1.6666666666666667,6.5,155.0,3.5,2.25,1.0,5.666666666666667,0
25,2,1,1,0,1,25_2,1,28,3,1,5,1,4,3,9.64,7.58,27.84,121.3416,5.416666666666667,5.5,1.6666666666666667,6.5,155.0,3.5,2.25,1.0,5.666666666666667,0
25,3,0,1,2,1,25_3,1,28,3,1,5,1,4,3,9.64,7.58,27.84,121.3416,5.416666666666667,5.5,1.6666666666666667,6.5,155.0,3.5,2.25,1.0,5.666666666666667,0
25,4,0,1,1,0,25_4,1,28,3,1,5,1,4,3,9.64,7.58,27.84,121.3416,5.416666666666667,5.5,1.6666666666666667,6.5,155.0,3.5,2.25,1.0,5.666666666666667,0
25,5,1,0,0,2,25_5,1,28,3,1,5,1,4,3,9.64,7.58,27.84,121.3416,5.416666666666667,5.5,1.6666666666666667,6.5,155.0,3.5,2.25,1.0,5.666666666666667,0
25,6,1,0,1,0,25_6,1,28,3,1,5,1,4,3,9.64,7.58,27.84,121.3416,5.416666666666667,5.5,1.6666666666666667,6.5,155.0,3.5,2.25,1.0,5.666666666666667,0
25,7,1,0,2,1,25_7,1,28,3,1,5,1,4,3,9.64,7.58,27.84,121.3416,5.416666666666667,5.5,1.6666666666666667,6.5,155.0,3.5,2.25,1.0,5.666666666666667,0
25,8,0,1,0,0,25_8,1,28,3,1,5,1,4,3,9.64,7.58,27.84,121.3416,5.416666666666667,5.5,1.6666666666666667,6.5,155.0,3.5,2.25,1.0,5.666666666666667,0
25,9,1,0,2,2,25_9,1,28,3,1,5,1,4,3,9.64,7.58,27.84,121.3416,5.416666666666667,5.5,1.6666666666666667,6.5,155.0,3.5,2.25,1.0,5.666666666666667,0
25,10,0,1,0,2,25_10,1,28,3,1,5,1,4,3,9.64,7.58,27.84,121.3416,5.416666666666667,5.5,1.6666666666666667,6.5,155.0,3.5,2.25,1.0,5.666666666666667,0
25,11,0,0,1,2,25_11,1,28,3,1,5,1,4,3,9.64,7.58,27.84,121.3416,5.416666666666667,5.5,1.6666666666666667,6.5,155.0,3.5,2.25,1.0,5.666666666666667,0
25,12,1,1,1,1,25_12,1,28,3,1,5,1,4,3,9.64,7.58,27.84,121.3416,5.416666666666667,5.5,1.6666666666666667,6.5,155.0,3.5,2.25,1.0,5.666666666666667,0
26,1,0,0,2,2,26_1,1,26,4,1,3,1,1,1,96.4,98.54,153.12,767.6088,4.166666666666667,4.166666666666667,4.333333333333333,4.0,116.0,4.333333333333333,3.25,4.0,4.0,2
26,2,1,1,1,2,26_2,1,26,4,1,3,1,1,1,96.4,98.54,153.12,767.6088,4.166666666666667,4.166666666666667,4.333333333333333,4.0,116.0,4.333333333333333,3.25,4.0,4.0,2
26,3,1,0,1,0,26_3,1,26,4,1,3,1,1,1,96.4,98.54,153.12,767.6088,4.166666666666667,4.166666666666667,4.333333333333333,4.0,116.0,4.333333333333333,3.25,4.0,4.0,2
26,6,1,0,1,2,26_6,1,26,4,1,3,1,1,1,96.4,98.54,153.12,767.6088,4.166666666666667,4.166666666666667,4.333333333333333,4.0,116.0,4.333333333333333,3.25,4.0,4.0,2
26,8,1,1,2,1,26_8,1,26,4,1,3,1,1,1,96.4,98.54,153.12,767.6088,4.166666666666667,4.166666666666667,4.333333333333333,4.0,116.0,4.333333333333333,3.25,4.0,4.0,2
26,9,0,1,0,1,26_9,1,26,4,1,3,1,1,1,96.4,98.54,153.12,767.6088,4.166666666666667,4.166666666666667,4.333333333333333,4.0,116.0,4.333333333333333,3.25,4.0,4.0,2
26,10,0,0,2,0,26_10,1,26,4,1,3,1,1,1,96.4,98.54,153.12,767.6088,4.166666666666667,4.166666666666667,4.333333333333333,4.0,116.0,4.333333333333333,3.25,4.0,4.0,2
26,11,0,0,2,1,26_11,1,26,4,1,3,1,1,1,96.4,98.54,153.12,767.6088,4.166666666666667,4.166666666666667,4.333333333333333,4.0,116.0,4.333333333333333,3.25,4.0,4.0,2
27,1,1,0,2,2,27_1,0,24,3,1,5,1,1,1,0.0,0.0,0.0,0.0,6.416666666666667,5.833333333333333,3.6666666666666665,6.25,173.0,4.166666666666667,2.25,3.5,4.666666666666667,1
27,2,1,0,0,1,27_2,0,24,3,1,5,1,1,1,0.0,0.0,0.0,0.0,6.416666666666667,5.833333333333333,3.6666666666666665,6.25,173.0,4.166666666666667,2.25,3.5,4.666666666666667,1
27,3,0,1,0,2,27_3,0,24,3,1,5,1,1,1,0.0,0.0,0.0,0.0,6.416666666666667,5.833333333333333,3.6666666666666665,6.25,173.0,4.166666666666667,2.25,3.5,4.666666666666667,1
27,4,1,0,0,2,27_4,0,24,3,1,5,1,1,1,0.0,0.0,0.0,0.0,6.416666666666667,5.833333333333333,3.6666666666666665,6.25,173.0,4.166666666666667,2.25,3.5,4.666666666666667,1
27,5,0,0,2,1,27_5,0,24,3,1,5,1,1,1,0.0,0.0,0.0,0.0,6.416666666666667,5.833333333333333,3.6666666666666665,6.25,173.0,4.166666666666667,2.25,3.5,4.666666666666667,1
27,6,1,1,1,2,27_6,0,24,3,1,5,1,1,1,0.0,0.0,0.0,0.0,6.416666666666667,5.833333333333333,3.6666666666666665,6.25,173.0,4.166666666666667,2.25,3.5,4.666666666666667,1
27,7,0,0,2,0,27_7,0,24,3,1,5,1,1,1,0.0,0.0,0.0,0.0,6.416666666666667,5.833333333333333,3.6666666666666665,6.25,173.0,4.166666666666667,2.25,3.5,4.666666666666667,1
27,8,1,0,2,0,27_8,0,24,3,1,5,1,1,1,0.0,0.0,0.0,0.0,6.416666666666667,5.833333333333333,3.6666666666666665,6.25,173.0,4.166666666666667,2.25,3.5,4.666666666666667,1
27,9,0,1,1,0,27_9,0,24,3,1,5,1,1,1,0.0,0.0,0.0,0.0,6.416666666666667,5.833333333333333,3.6666666666666665,6.25,173.0,4.166666666666667,2.25,3.5,4.666666666666667,1
27,10,0,1,1,1,27_10,0,24,3,1,5,1,1,1,0.0,0.0,0.0,0.0,6.416666666666667,5.833333333333333,3.6666666666666665,6.25,173.0,4.166666666666667,2.25,3.5,4.666666666666667,1
27,11,0,1,0,0,27_11,0,24,3,1,5,1,1,1,0.0,0.0,0.0,0.0,6.416666666666667,5.833333333333333,3.6666666666666665,6.25,173.0,4.166666666666667,2.25,3.5,4.666666666666667,1
27,12,1,1,1,1,27_12,0,24,3,1,5,1,1,1,0.0,0.0,0.0,0.0,6.416666666666667,5.833333333333333,3.6666666666666665,6.25,173.0,4.166666666666667,2.25,3.5,4.666666666666667,1
28,1,1,1,2,2,28_1,1,22,2,0,5,1,1,1,9.64,0.0,0.0,9.64,5.583333333333333,5.833333333333333,1.0,6.428571428571429,150.0,5.5,2.25,2.0,4.666666666666667,1
28,2,1,0,1,0,28_2,1,22,2,0,5,1,1,1,9.64,0.0,0.0,9.64,5.583333333333333,5.833333333333333,1.0,6.428571428571429,150.0,5.5,2.25,2.0,4.666666666666667,1
28,3,0,1,0,1,28_3,1,22,2,0,5,1,1,1,9.64,0.0,0.0,9.64,5.583333333333333,5.833333333333333,1.0,6.428571428571429,150.0,5.5,2.25,2.0,4.666666666666667,1
28,4,0,0,1,0,28_4,1,22,2,0,5,1,1,1,9.64,0.0,0.0,9.64,5.583333333333333,5.833333333333333,1.0,6.428571428571429,150.0,5.5,2.25,2.0,4.666666666666667,1
28,5,0,0,0,2,28_5,1,22,2,0,5,1,1,1,9.64,0.0,0.0,9.64,5.583333333333333,5.833333333333333,1.0,6.428571428571429,150.0,5.5,2.25,2.0,4.666666666666667,1
28,6,1,0,0,1,28_6,1,22,2,0,5,1,1,1,9.64,0.0,0.0,9.64,5.583333333333333,5.833333333333333,1.0,6.428571428571429,150.0,5.5,2.25,2.0,4.666666666666667,1
28,7,1,1,2,0,28_7,1,22,2,0,5,1,1,1,9.64,0.0,0.0,9.64,5.583333333333333,5.833333333333333,1.0,6.428571428571429,150.0,5.5,2.25,2.0,4.666666666666667,1
28,8,0,0,2,2,28_8,1,22,2,0,5,1,1,1,9.64,0.0,0.0,9.64,5.583333333333333,5.833333333333333,1.0,6.428571428571429,150.0,5.5,2.25,2.0,4.666666666666667,1
28,9,1,0,2,1,28_9,1,22,2,0,5,1,1,1,9.64,0.0,0.0,9.64,5.583333333333333,5.833333333333333,1.0,6.428571428571429,150.0,5.5,2.25,2.0,4.666666666666667,1
28,10,0,1,0,0,28_10,1,22,2,0,5,1,1,1,9.64,0.0,0.0,9.64,5.583333333333333,5.833333333333333,1.0,6.428571428571429,150.0,5.5,2.25,2.0,4.666666666666667,1
28,11,0,1,1,2,28_11,1,22,2,0,5,1,1,1,9.64,0.0,0.0,9.64,5.583333333333333,5.833333333333333,1.0,6.428571428571429,150.0,5.5,2.25,2.0,4.666666666666667,1
28,12,1,1,1,1,28_12,1,22,2,0,5,1,1,1,9.64,0.0,0.0,9.64,5.583333333333333,5.833333333333333,1.0,6.428571428571429,150.0,5.5,2.25,2.0,4.666666666666667,1
29,1,1,0,1,2,29_1,0,24,2,1,4,2,1,0,19.28,15.16,13.92,86.5008,5.583333333333333,5.166666666666667,2.3333333333333335,6.142857142857143,148.0,3.6666666666666665,3.75,1.75,4.666666666666667,0
29,2,0,0,0,0,29_2,0,24,2,1,4,2,1,0,19.28,15.16,13.92,86.5008,5.583333333333333,5.166666666666667,2.3333333333333335,6.142857142857143,148.0,3.6666666666666665,3.75,1.75,4.666666666666667,0
29,3,1,1,2,1,29_3,0,24,2,1,4,2,1,0,19.28,15.16,13.92,86.5008,5.583333333333333,5.166666666666667,2.3333333333333335,6.142857142857143,148.0,3.6666666666666665,3.75,1.75,4.666666666666667,0
29,4,0,0,1,2,29_4,0,24,2,1,4,2,1,0,19.28,15.16,13.92,86.5008,5.583333333333333,5.166666666666667,2.3333333333333335,6.142857142857143,148.0,3.6666666666666665,3.75,1.75,4.666666666666667,0
29,5,0,1,0,1,29_5,0,24,2,1,4,2,1,0,19.28,15.16,13.92,86.5008,5.583333333333333,5.166666666666667,2.3333333333333335,6.142857142857143,148.0,3.6666666666666665,3.75,1.75,4.666666666666667,0
29,6,0,0,0,2,29_6,0,24,2,1,4,2,1,0,19.28,15.16,13.92,86.5008,5.583333333333333,5.166666666666667,2.3333333333333335,6.142857142857143,148.0,3.6666666666666665,3.75,1.75,4.666666666666667,0
29,7,1,0,2,0,29_7,0,24,2,1,4,2,1,0,19.28,15.16,13.92,86.5008,5.583333333333333,5.166666666666667,2.3333333333333335,6.142857142857143,148.0,3.6666666666666665,3.75,1.75,4.666666666666667,0
29,8,0,1,0,0,29_8,0,24,2,1,4,2,1,0,19.28,15.16,13.92,86.5008,5.583333333333333,5.166666666666667,2.3333333333333335,6.142857142857143,148.0,3.6666666666666665,3.75,1.75,4.666666666666667,0
29,9,1,0,1,0,29_9,0,24,2,1,4,2,1,0,19.28,15.16,13.92,86.5008,5.583333333333333,5.166666666666667,2.3333333333333335,6.142857142857143,148.0,3.6666666666666665,3.75,1.75,4.666666666666667,0
29,10,1,1,2,2,29_10,0,24,2,1,4,2,1,0,19.28,15.16,13.92,86.5008,5.583333333333333,5.166666666666667,2.3333333333333335,6.142857142857143,148.0,3.6666666666666665,3.75,1.75,4.666666666666667,0
29,11,1,1,1,1,29_11,0,24,2,1,4,2,1,0,19.28,15.16,13.92,86.5008,5.583333333333333,5.166666666666667,2.3333333333333335,6.142857142857143,148.0,3.6666666666666665,3.75,1.75,4.666666666666667,0
29,12,0,1,2,1,29_12,0,24,2,1,4,2,1,0,19.28,15.16,13.92,86.5008,5.583333333333333,5.166666666666667,2.3333333333333335,6.142857142857143,148.0,3.6666666666666665,3.75,1.75,4.666666666666667,0
2,1,0,1,0,1,2_1,1,26,3,1,5,1,1,0,0.0,0.0,13.92,52.0608,6.5,6.0,1.6666666666666667,6.142857142857143,162.0,5.833333333333333,2.5,1.0,3.3333333333333335,0
2,2,0,0,0,0,2_2,1,26,3,1,5,1,1,0,0.0,0.0,13.92,52.0608,6.5,6.0,1.6666666666666667,6.142857142857143,162.0,5.833333333333333,2.5,1.0,3.3333333333333335,0
2,3,1,1,2,1,2_3,1,26,3,1,5,1,1,0,0.0,0.0,13.92,52.0608,6.5,6.0,1.6666666666666667,6.142857142857143,162.0,5.833333333333333,2.5,1.0,3.3333333333333335,0
2,4,1,1,1,0,2_4,1,26,3,1,5,1,1,0,0.0,0.0,13.92,52.0608,6.5,6.0,1.6666666666666667,6.142857142857143,162.0,5.833333333333333,2.5,1.0,3.3333333333333335,0
2,5,1,1,1,1,2_5,1,26,3,1,5,1,1,0,0.0,0.0,13.92,52.0608,6.5,6.0,1.6666666666666667,6.142857142857143,162.0,5.833333333333333,2.5,1.0,3.3333333333333335,0
2,6,1,1,0,2,2_6,1,26,3,1,5,1,1,0,0.0,0.0,13.92,52.0608,6.5,6.0,1.6666666666666667,6.142857142857143,162.0,5.833333333333333,2.5,1.0,3.3333333333333335,0
2,7,0,0,1,0,2_7,1,26,3,1,5,1,1,0,0.0,0.0,13.92,52.0608,6.5,6.0,1.6666666666666667,6.142857142857143,162.0,5.833333333333333,2.5,1.0,3.3333333333333335,0
2,8,1,1,2,2,2_8,1,26,3,1,5,1,1,0,0.0,0.0,13.92,52.0608,6.5,6.0,1.6666666666666667,6.142857142857143,162.0,5.833333333333333,2.5,1.0,3.3333333333333335,0
2,9,0,0,2,0,2_9,1,26,3,1,5,1,1,0,0.0,0.0,13.92,52.0608,6.5,6.0,1.6666666666666667,6.142857142857143,162.0,5.833333333333333,2.5,1.0,3.3333333333333335,0
2,10,0,0,0,2,2_10,1,26,3,1,5,1,1,0,0.0,0.0,13.92,52.0608,6.5,6.0,1.6666666666666667,6.142857142857143,162.0,5.833333333333333,2.5,1.0,3.3333333333333335,0
2,11,0,0,2,2,2_11,1,26,3,1,5,1,1,0,0.0,0.0,13.92,52.0608,6.5,6.0,1.6666666666666667,6.142857142857143,162.0,5.833333333333333,2.5,1.0,3.3333333333333335,0
2,12,1,0,1,1,2_12,1,26,3,1,5,1,1,0,0.0,0.0,13.92,52.0608,6.5,6.0,1.6666666666666667,6.142857142857143,162.0,5.833333333333333,2.5,1.0,3.3333333333333335,0
30,1,1,0,0,0,30_1,1,33,3,1,5,2,2,1,28.92,7.58,27.84,140.6216,4.916666666666667,2.6666666666666665,2.3333333333333335,6.142857142857143,125.0,5.666666666666667,1.75,1.25,5.0,1
30,2,1,1,1,0,30_2,1,33,3,1,5,2,2,1,28.92,7.58,27.84,140.6216,4.916666666666667,2.6666666666666665,2.3333333333333335,6.142857142857143,125.0,5.666666666666667,1.75,1.25,5.0,1
30,3,0,1,0,1,30_3,1,33,3,1,5,2,2,1,28.92,7.58,27.84,140.6216,4.916666666666667,2.6666666666666665,2.3333333333333335,6.142857142857143,125.0,5.666666666666667,1.75,1.25,5.0,1
30,4,0,0,1,1,30_4,1,33,3,1,5,2,2,1,28.92,7.58,27.84,140.6216,4.916666666666667,2.6666666666666665,2.3333333333333335,6.142857142857143,125.0,5.666666666666667,1.75,1.25,5.0,1
30,5,1,0,0,2,30_5,1,33,3,1,5,2,2,1,28.92,7.58,27.84,140.6216,4.916666666666667,2.6666666666666665,2.3333333333333335,6.142857142857143,125.0,5.666666666666667,1.75,1.25,5.0,1
30,6,1,1,1,2,30_6,1,33,3,1,5,2,2,1,28.92,7.58,27.84,140.6216,4.916666666666667,2.6666666666666665,2.3333333333333335,6.142857142857143,125.0,5.666666666666667,1.75,1.25,5.0,1
30,7,1,1,2,1,30_7,1,33,3,1,5,2,2,1,28.92,7.58,27.84,140.6216,4.916666666666667,2.6666666666666665,2.3333333333333335,6.142857142857143,125.0,5.666666666666667,1.75,1.25,5.0,1
30,8,0,1,2,1,30_8,1,33,3,1,5,2,2,1,28.92,7.58,27.84,140.6216,4.916666666666667,2.6666666666666665,2.3333333333333335,6.142857142857143,125.0,5.666666666666667,1.75,1.25,5.0,1
30,9,0,0,1,2,30_9,1,33,3,1,5,2,2,1,28.92,7.58,27.84,140.6216,4.916666666666667,2.6666666666666665,2.3333333333333335,6.142857142857143,125.0,5.666666666666667,1.75,1.25,5.0,1
30,10,1,0,2,0,30_10,1,33,3,1,5,2,2,1,28.92,7.58,27.84,140.6216,4.916666666666667,2.6666666666666665,2.3333333333333335,6.142857142857143,125.0,5.666666666666667,1.75,1.25,5.0,1
30,11,0,1,2,0,30_11,1,33,3,1,5,2,2,1,28.92,7.58,27.84,140.6216,4.916666666666667,2.6666666666666665,2.3333333333333335,6.142857142857143,125.0,5.666666666666667,1.75,1.25,5.0,1
30,12,0,0,0,2,30_12,1,33,3,1,5,2,2,1,28.92,7.58,27.84,140.6216,4.916666666666667,2.6666666666666665,2.3333333333333335,6.142857142857143,125.0,5.666666666666667,1.75,1.25,5.0,1
31,1,1,1,2,2,31_1,0,28,3,0,3,0,1,0,0.0,15.16,13.92,67.2208,5.416666666666667,5.833333333333333,1.6666666666666667,5.625,150.0,5.0,1.25,4.5,5.666666666666667,1
31,2,1,0,1,2,31_2,0,28,3,0,3,0,1,0,0.0,15.16,13.92,67.2208,5.416666666666667,5.833333333333333,1.6666666666666667,5.625,150.0,5.0,1.25,4.5,5.666666666666667,1
31,3,0,0,0,0,31_3,0,28,3,0,3,0,1,0,0.0,15.16,13.92,67.2208,5.416666666666667,5.833333333333333,1.6666666666666667,5.625,150.0,5.0,1.25,4.5,5.666666666666667,1
31,4,0,0,1,0,31_4,0,28,3,0,3,0,1,0,0.0,15.16,13.92,67.2208,5.416666666666667,5.833333333333333,1.6666666666666667,5.625,150.0,5.0,1.25,4.5,5.666666666666667,1
31,5,1,1,0,2,31_5,0,28,3,0,3,0,1,0,0.0,15.16,13.92,67.2208,5.416666666666667,5.833333333333333,1.6666666666666667,5.625,150.0,5.0,1.25,4.5,5.666666666666667,1
31,6,0,0,2,1,31_6,0,28,3,0,3,0,1,0,0.0,15.16,13.92,67.2208,5.416666666666667,5.833333333333333,1.6666666666666667,5.625,150.0,5.0,1.25,4.5,5.666666666666667,1
31,7,0,1,2,0,31_7,0,28,3,0,3,0,1,0,0.0,15.16,13.92,67.2208,5.416666666666667,5.833333333333333,1.6666666666666667,5.625,150.0,5.0,1.25,4.5,5.666666666666667,1
31,8,1,1,0,1,31_8,0,28,3,0,3,0,1,0,0.0,15.16,13.92,67.2208,5.416666666666667,5.833333333333333,1.6666666666666667,5.625,150.0,5.0,1.25,4.5,5.666666666666667,1
31,9,0,0,1,1,31_9,0,28,3,0,3,0,1,0,0.0,15.16,13.92,67.2208,5.416666666666667,5.833333333333333,1.6666666666666667,5.625,150.0,5.0,1.25,4.5,5.666666666666667,1
31,10,1,1,2,0,31_10,0,28,3,0,3,0,1,0,0.0,15.16,13.92,67.2208,5.416666666666667,5.833333333333333,1.6666666666666667,5.625,150.0,5.0,1.25,4.5,5.666666666666667,1
31,11,0,1,0,2,31_11,0,28,3,0,3,0,1,0,0.0,15.16,13.92,67.2208,5.416666666666667,5.833333333333333,1.6666666666666667,5.625,150.0,5.0,1.25,4.5,5.666666666666667,1
31,12,1,0,1,1,31_12,0,28,3,0,3,0,1,0,0.0,15.16,13.92,67.2208,5.416666666666667,5.833333333333333,1.6666666666666667,5.625,150.0,5.0,1.25,4.5,5.666666666666667,1
33,1,1,0,0,2,33_1,1,27,3,0,5,0,2,2,134.96,90.96,125.28,694.4672,5.0,5.333333333333333,5.666666666666667,5.714285714285714,149.0,6.166666666666667,3.0,1.75,3.0,0
33,2,1,1,2,1,33_2,1,27,3,0,5,0,2,2,134.96,90.96,125.28,694.4672,5.0,5.333333333333333,5.666666666666667,5.714285714285714,149.0,6.166666666666667,3.0,1.75,3.0,0
33,3,1,0,2,2,33_3,1,27,3,0,5,0,2,2,134.96,90.96,125.28,694.4672,5.0,5.333333333333333,5.666666666666667,5.714285714285714,149.0,6.166666666666667,3.0,1.75,3.0,0
33,4,0,1,2,1,33_4,1,27,3,0,5,0,2,2,134.96,90.96,125.28,694.4672,5.0,5.333333333333333,5.666666666666667,5.714285714285714,149.0,6.166666666666667,3.0,1.75,3.0,0
33,5,1,1,1,1,33_5,1,27,3,0,5,0,2,2,134.96,90.96,125.28,694.4672,5.0,5.333333333333333,5.666666666666667,5.714285714285714,149.0,6.166666666666667,3.0,1.75,3.0,0
33,6,0,1,0,0,33_6,1,27,3,0,5,0,2,2,134.96,90.96,125.28,694.4672,5.0,5.333333333333333,5.666666666666667,5.714285714285714,149.0,6.166666666666667,3.0,1.75,3.0,0
33,7,0,1,0,2,33_7,1,27,3,0,5,0,2,2,134.96,90.96,125.28,694.4672,5.0,5.333333333333333,5.666666666666667,5.714285714285714,149.0,6.166666666666667,3.0,1.75,3.0,0
33,8,0,1,1,2,33_8,1,27,3,0,5,0,2,2,134.96,90.96,125.28,694.4672,5.0,5.333333333333333,5.666666666666667,5.714285714285714,149.0,6.166666666666667,3.0,1.75,3.0,0
33,9,1,0,2,0,33_9,1,27,3,0,5,0,2,2,134.96,90.96,125.28,694.4672,5.0,5.333333333333333,5.666666666666667,5.714285714285714,149.0,6.166666666666667,3.0,1.75,3.0,0
33,10,1,0,1,0,33_10,1,27,3,0,5,0,2,2,134.96,90.96,125.28,694.4672,5.0,5.333333333333333,5.666666666666667,5.714285714285714,149.0,6.166666666666667,3.0,1.75,3.0,0
33,11,0,0,1,1,33_11,1,27,3,0,5,0,2,2,134.96,90.96,125.28,694.4672,5.0,5.333333333333333,5.666666666666667,5.714285714285714,149.0,6.166666666666667,3.0,1.75,3.0,0
33,12,0,0,0,0,33_12,1,27,3,0,5,0,2,2,134.96,90.96,125.28,694.4672,5.0,5.333333333333333,5.666666666666667,5.714285714285714,149.0,6.166666666666667,3.0,1.75,3.0,0
35,1,1,0,0,0,35_1,0,27,2,1,5,2,2,0,0.0,7.58,27.84,111.7016,6.416666666666667,5.166666666666667,2.0,6.25,164.0,5.833333333333333,1.75,2.25,3.3333333333333335,0
35,2,1,1,1,2,35_2,0,27,2,1,5,2,2,0,0.0,7.58,27.84,111.7016,6.416666666666667,5.166666666666667,2.0,6.25,164.0,5.833333333333333,1.75,2.25,3.3333333333333335,0
35,3,0,1,2,0,35_3,0,27,2,1,5,2,2,0,0.0,7.58,27.84,111.7016,6.416666666666667,5.166666666666667,2.0,6.25,164.0,5.833333333333333,1.75,2.25,3.3333333333333335,0
35,4,0,1,0,2,35_4,0,27,2,1,5,2,2,0,0.0,7.58,27.84,111.7016,6.416666666666667,5.166666666666667,2.0,6.25,164.0,5.833333333333333,1.75,2.25,3.3333333333333335,0
35,5,0,0,2,1,35_5,0,27,2,1,5,2,2,0,0.0,7.58,27.84,111.7016,6.416666666666667,5.166666666666667,2.0,6.25,164.0,5.833333333333333,1.75,2.25,3.3333333333333335,0
35,6,1,0,1,0,35_6,0,27,2,1,5,2,2,0,0.0,7.58,27.84,111.7016,6.416666666666667,5.166666666666667,2.0,6.25,164.0,5.833333333333333,1.75,2.25,3.3333333333333335,0
35,7,0,1,2,2,35_7,0,27,2,1,5,2,2,0,0.0,7.58,27.84,111.7016,6.416666666666667,5.166666666666667,2.0,6.25,164.0,5.833333333333333,1.75,2.25,3.3333333333333335,0
35,8,1,0,0,1,35_8,0,27,2,1,5,2,2,0,0.0,7.58,27.84,111.7016,6.416666666666667,5.166666666666667,2.0,6.25,164.0,5.833333333333333,1.75,2.25,3.3333333333333335,0
35,9,0,1,1,1,35_9,0,27,2,1,5,2,2,0,0.0,7.58,27.84,111.7016,6.416666666666667,5.166666666666667,2.0,6.25,164.0,5.833333333333333,1.75,2.25,3.3333333333333335,0
35,10,0,0,0,0,35_10,0,27,2,1,5,2,2,0,0.0,7.58,27.84,111.7016,6.416666666666667,5.166666666666667,2.0,6.25,164.0,5.833333333333333,1.75,2.25,3.3333333333333335,0
35,11,1,0,2,2,35_11,0,27,2,1,5,2,2,0,0.0,7.58,27.84,111.7016,6.416666666666667,5.166666666666667,2.0,6.25,164.0,5.833333333333333,1.75,2.25,3.3333333333333335,0
35,12,1,1,1,1,35_12,0,27,2,1,5,2,2,0,0.0,7.58,27.84,111.7016,6.416666666666667,5.166666666666667,2.0,6.25,164.0,5.833333333333333,1.75,2.25,3.3333333333333335,0
36,1,1,1,1,0,36_1,0,21,2,1,5,0,2,0,9.64,7.58,27.84,121.3416,6.0,5.0,2.0,5.125,149.0,4.5,2.25,2.25,4.333333333333333,1
36,2,0,0,1,1,36_2,0,21,2,1,5,0,2,0,9.64,7.58,27.84,121.3416,6.0,5.0,2.0,5.125,149.0,4.5,2.25,2.25,4.333333333333333,1
36,3,1,0,2,1,36_3,0,21,2,1,5,0,2,0,9.64,7.58,27.84,121.3416,6.0,5.0,2.0,5.125,149.0,4.5,2.25,2.25,4.333333333333333,1
36,4,1,1,1,1,36_4,0,21,2,1,5,0,2,0,9.64,7.58,27.84,121.3416,6.0,5.0,2.0,5.125,149.0,4.5,2.25,2.25,4.333333333333333,1
36,5,1,1,2,0,36_5,0,21,2,1,5,0,2,0,9.64,7.58,27.84,121.3416,6.0,5.0,2.0,5.125,149.0,4.5,2.25,2.25,4.333333333333333,1
36,6,0,0,2,0,36_6,0,21,2,1,5,0,2,0,9.64,7.58,27.84,121.3416,6.0,5.0,2.0,5.125,149.0,4.5,2.25,2.25,4.333333333333333,1
36,7,0,1,0,0,36_7,0,21,2,1,5,0,2,0,9.64,7.58,27.84,121.3416,6.0,5.0,2.0,5.125,149.0,4.5,2.25,2.25,4.333333333333333,1
36,8,1,1,0,2,36_8,0,21,2,1,5,0,2,0,9.64,7.58,27.84,121.3416,6.0,5.0,2.0,5.125,149.0,4.5,2.25,2.25,4.333333333333333,1
36,9,0,1,1,2,36_9,0,21,2,1,5,0,2,0,9.64,7.58,27.84,121.3416,6.0,5.0,2.0,5.125,149.0,4.5,2.25,2.25,4.333333333333333,1
36,11,1,0,0,1,36_11,0,21,2,1,5,0,2,0,9.64,7.58,27.84,121.3416,6.0,5.0,2.0,5.125,149.0,4.5,2.25,2.25,4.333333333333333,1
36,12,0,0,0,2,36_12,0,21,2,1,5,0,2,0,9.64,7.58,27.84,121.3416,6.0,5.0,2.0,5.125,149.0,4.5,2.25,2.25,4.333333333333333,1
37,1,1,1,1,2,37_1,0,25,3,0,5,1,1,0,0.0,15.16,41.76,171.3424,4.75,3.0,2.0,5.625,126.0,6.333333333333333,4.75,2.25,3.6666666666666665,2
37,3,0,1,0,0,37_3,0,25,3,0,5,1,1,0,0.0,15.16,41.76,171.3424,4.75,3.0,2.0,5.625,126.0,6.333333333333333,4.75,2.25,3.6666666666666665,2
37,4,1,0,0,1,37_4,0,25,3,0,5,1,1,0,0.0,15.16,41.76,171.3424,4.75,3.0,2.0,5.625,126.0,6.333333333333333,4.75,2.25,3.6666666666666665,2
37,5,1,0,2,0,37_5,0,25,3,0,5,1,1,0,0.0,15.16,41.76,171.3424,4.75,3.0,2.0,5.625,126.0,6.333333333333333,4.75,2.25,3.6666666666666665,2
37,6,0,0,1,2,37_6,0,25,3,0,5,1,1,0,0.0,15.16,41.76,171.3424,4.75,3.0,2.0,5.625,126.0,6.333333333333333,4.75,2.25,3.6666666666666665,2
38,1,0,0,2,0,38_1,0,27,3,1,3,1,1,1,67.48,53.06,69.6,380.844,5.916666666666667,5.333333333333333,1.6666666666666667,6.142857142857143,151.0,5.833333333333333,1.0,2.0,5.0,1
38,2,1,1,1,1,38_2,0,27,3,1,3,1,1,1,67.48,53.06,69.6,380.844,5.916666666666667,5.333333333333333,1.6666666666666667,6.142857142857143,151.0,5.833333333333333,1.0,2.0,5.0,1
38,3,1,0,0,1,38_3,0,27,3,1,3,1,1,1,67.48,53.06,69.6,380.844,5.916666666666667,5.333333333333333,1.6666666666666667,6.142857142857143,151.0,5.833333333333333,1.0,2.0,5.0,1
38,4,1,0,2,1,38_4,0,27,3,1,3,1,1,1,67.48,53.06,69.6,380.844,5.916666666666667,5.333333333333333,1.6666666666666667,6.142857142857143,151.0,5.833333333333333,1.0,2.0,5.0,1
38,5,1,1,2,2,38_5,0,27,3,1,3,1,1,1,67.48,53.06,69.6,380.844,5.916666666666667,5.333333333333333,1.6666666666666667,6.142857142857143,151.0,5.833333333333333,1.0,2.0,5.0,1
38,6,0,0,0,0,38_6,0,27,3,1,3,1,1,1,67.48,53.06,69.6,380.844,5.916666666666667,5.333333333333333,1.6666666666666667,6.142857142857143,151.0,5.833333333333333,1.0,2.0,5.0,1
38,7,1,1,0,2,38_7,0,27,3,1,3,1,1,1,67.48,53.06,69.6,380.844,5.916666666666667,5.333333333333333,1.6666666666666667,6.142857142857143,151.0,5.833333333333333,1.0,2.0,5.0,1
38,8,1,0,2,0,38_8,0,27,3,1,3,1,1,1,67.48,53.06,69.6,380.844,5.916666666666667,5.333333333333333,1.6666666666666667,6.142857142857143,151.0,5.833333333333333,1.0,2.0,5.0,1
38,9,0,1,1,2,38_9,0,27,3,1,3,1,1,1,67.48,53.06,69.6,380.844,5.916666666666667,5.333333333333333,1.6666666666666667,6.142857142857143,151.0,5.833333333333333,1.0,2.0,5.0,1
38,10,0,0,0,2,38_10,0,27,3,1,3,1,1,1,67.48,53.06,69.6,380.844,5.916666666666667,5.333333333333333,1.6666666666666667,6.142857142857143,151.0,5.833333333333333,1.0,2.0,5.0,1
38,11,0,1,1,0,38_11,0,27,3,1,3,1,1,1,67.48,53.06,69.6,380.844,5.916666666666667,5.333333333333333,1.6666666666666667,6.142857142857143,151.0,5.833333333333333,1.0,2.0,5.0,1
38,12,0,1,1,1,38_12,0,27,3,1,3,1,1,1,67.48,53.06,69.6,380.844,5.916666666666667,5.333333333333333,1.6666666666666667,6.142857142857143,151.0,5.833333333333333,1.0,2.0,5.0,1
39,1,0,0,1,0,39_1,0,25,3,1,5,2,2,1,9.64,22.74,69.6,292.68399999999997,4.916666666666667,3.1666666666666665,1.6666666666666667,5.75,129.0,4.666666666666667,1.75,2.0,5.666666666666667,1
39,2,1,1,2,2,39_2,0,25,3,1,5,2,2,1,9.64,22.74,69.6,292.68399999999997,4.916666666666667,3.1666666666666665,1.6666666666666667,5.75,129.0,4.666666666666667,1.75,2.0,5.666666666666667,1
39,3,0,1,2,1,39_3,0,25,3,1,5,2,2,1,9.64,22.74,69.6,292.68399999999997,4.916666666666667,3.1666666666666665,1.6666666666666667,5.75,129.0,4.666666666666667,1.75,2.0,5.666666666666667,1
39,4,1,0,2,2,39_4,0,25,3,1,5,2,2,1,9.64,22.74,69.6,292.68399999999997,4.916666666666667,3.1666666666666665,1.6666666666666667,5.75,129.0,4.666666666666667,1.75,2.0,5.666666666666667,1
39,5,1,1,0,0,39_5,0,25,3,1,5,2,2,1,9.64,22.74,69.6,292.68399999999997,4.916666666666667,3.1666666666666665,1.6666666666666667,5.75,129.0,4.666666666666667,1.75,2.0,5.666666666666667,1
39,6,0,1,1,2,39_6,0,25,3,1,5,2,2,1,9.64,22.74,69.6,292.68399999999997,4.916666666666667,3.1666666666666665,1.6666666666666667,5.75,129.0,4.666666666666667,1.75,2.0,5.666666666666667,1
39,7,1,0,1,0,39_7,0,25,3,1,5,2,2,1,9.64,22.74,69.6,292.68399999999997,4.916666666666667,3.1666666666666665,1.6666666666666667,5.75,129.0,4.666666666666667,1.75,2.0,5.666666666666667,1
39,8,0,0,1,1,39_8,0,25,3,1,5,2,2,1,9.64,22.74,69.6,292.68399999999997,4.916666666666667,3.1666666666666665,1.6666666666666667,5.75,129.0,4.666666666666667,1.75,2.0,5.666666666666667,1
39,9,1,1,0,1,39_9,0,25,3,1,5,2,2,1,9.64,22.74,69.6,292.68399999999997,4.916666666666667,3.1666666666666665,1.6666666666666667,5.75,129.0,4.666666666666667,1.75,2.0,5.666666666666667,1
39,10,1,0,0,1,39_10,0,25,3,1,5,2,2,1,9.64,22.74,69.6,292.68399999999997,4.916666666666667,3.1666666666666665,1.6666666666666667,5.75,129.0,4.666666666666667,1.75,2.0,5.666666666666667,1
39,11,0,0,2,0,39_11,0,25,3,1,5,2,2,1,9.64,22.74,69.6,292.68399999999997,4.916666666666667,3.1666666666666665,1.6666666666666667,5.75,129.0,4.666666666666667,1.75,2.0,5.666666666666667,1
39,12,0,1,0,2,39_12,0,25,3,1,5,2,2,1,9.64,22.74,69.6,292.68399999999997,4.916666666666667,3.1666666666666665,1.6666666666666667,5.75,129.0,4.666666666666667,1.75,2.0,5.666666666666667,1
3,1,1,0,0,0,3_1,1,34,4,1,4,0,0,0,0.0,7.58,13.92,59.6408,6.083333333333333,4.5,1.3333333333333333,5.571428571428571,143.0,5.166666666666667,1.75,1.25,4.0,1
3,2,0,0,1,2,3_2,1,34,4,1,4,0,0,0,0.0,7.58,13.92,59.6408,6.083333333333333,4.5,1.3333333333333333,5.571428571428571,143.0,5.166666666666667,1.75,1.25,4.0,1
3,3,0,0,0,0,3_3,1,34,4,1,4,0,0,0,0.0,7.58,13.92,59.6408,6.083333333333333,4.5,1.3333333333333333,5.571428571428571,143.0,5.166666666666667,1.75,1.25,4.0,1
3,4,1,0,0,1,3_4,1,34,4,1,4,0,0,0,0.0,7.58,13.92,59.6408,6.083333333333333,4.5,1.3333333333333333,5.571428571428571,143.0,5.166666666666667,1.75,1.25,4.0,1
3,5,0,0,2,2,3_5,1,34,4,1,4,0,0,0,0.0,7.58,13.92,59.6408,6.083333333333333,4.5,1.3333333333333333,5.571428571428571,143.0,5.166666666666667,1.75,1.25,4.0,1
3,6,1,0,1,0,3_6,1,34,4,1,4,0,0,0,0.0,7.58,13.92,59.6408,6.083333333333333,4.5,1.3333333333333333,5.571428571428571,143.0,5.166666666666667,1.75,1.25,4.0,1
3,8,1,1,1,1,3_8,1,34,4,1,4,0,0,0,0.0,7.58,13.92,59.6408,6.083333333333333,4.5,1.3333333333333333,5.571428571428571,143.0,5.166666666666667,1.75,1.25,4.0,1
3,9,1,1,2,1,3_9,1,34,4,1,4,0,0,0,0.0,7.58,13.92,59.6408,6.083333333333333,4.5,1.3333333333333333,5.571428571428571,143.0,5.166666666666667,1.75,1.25,4.0,1
3,10,0,1,0,0,3_10,1,34,4,1,4,0,0,0,0.0,7.58,13.92,59.6408,6.083333333333333,4.5,1.3333333333333333,5.571428571428571,143.0,5.166666666666667,1.75,1.25,4.0,1
3,11,1,1,2,2,3_11,1,34,4,1,4,0,0,0,0.0,7.58,13.92,59.6408,6.083333333333333,4.5,1.3333333333333333,5.571428571428571,143.0,5.166666666666667,1.75,1.25,4.0,1
3,12,0,1,2,1,3_12,1,34,4,1,4,0,0,0,0.0,7.58,13.92,59.6408,6.083333333333333,4.5,1.3333333333333333,5.571428571428571,143.0,5.166666666666667,1.75,1.25,4.0,1
40,1,1,1,1,1,40_1,1,22,0,1,4,0,3,0,19.28,0.0,0.0,19.28,6.333333333333333,5.666666666666667,4.0,4.875,161.0,7.0,2.0,2.5,2.0,0
40,2,1,1,2,0,40_2,1,22,0,1,4,0,3,0,19.28,0.0,0.0,19.28,6.333333333333333,5.666666666666667,4.0,4.875,161.0,7.0,2.0,2.5,2.0,0
40,3,0,0,2,2,40_3,1,22,0,1,4,0,3,0,19.28,0.0,0.0,19.28,6.333333333333333,5.666666666666667,4.0,4.875,161.0,7.0,2.0,2.5,2.0,0
40,4,1,0,0,2,40_4,1,22,0,1,4,0,3,0,19.28,0.0,0.0,19.28,6.333333333333333,5.666666666666667,4.0,4.875,161.0,7.0,2.0,2.5,2.0,0
40,5,0,0,1,2,40_5,1,22,0,1,4,0,3,0,19.28,0.0,0.0,19.28,6.333333333333333,5.666666666666667,4.0,4.875,161.0,7.0,2.0,2.5,2.0,0
40,6,1,1,2,2,40_6,1,22,0,1,4,0,3,0,19.28,0.0,0.0,19.28,6.333333333333333,5.666666666666667,4.0,4.875,161.0,7.0,2.0,2.5,2.0,0
40,7,0,1,1,1,40_7,1,22,0,1,4,0,3,0,19.28,0.0,0.0,19.28,6.333333333333333,5.666666666666667,4.0,4.875,161.0,7.0,2.0,2.5,2.0,0
40,8,0,0,0,0,40_8,1,22,0,1,4,0,3,0,19.28,0.0,0.0,19.28,6.333333333333333,5.666666666666667,4.0,4.875,161.0,7.0,2.0,2.5,2.0,0
40,9,0,0,0,1,40_9,1,22,0,1,4,0,3,0,19.28,0.0,0.0,19.28,6.333333333333333,5.666666666666667,4.0,4.875,161.0,7.0,2.0,2.5,2.0,0
40,10,1,1,2,1,40_10,1,22,0,1,4,0,3,0,19.28,0.0,0.0,19.28,6.333333333333333,5.666666666666667,4.0,4.875,161.0,7.0,2.0,2.5,2.0,0
40,11,1,0,1,0,40_11,1,22,0,1,4,0,3,0,19.28,0.0,0.0,19.28,6.333333333333333,5.666666666666667,4.0,4.875,161.0,7.0,2.0,2.5,2.0,0
40,12,0,1,0,0,40_12,1,22,0,1,4,0,3,0,19.28,0.0,0.0,19.28,6.333333333333333,5.666666666666667,4.0,4.875,161.0,7.0,2.0,2.5,2.0,0
42,1,0,1,0,0,42_1,1,26,2,1,5,3,4,0,0.0,0.0,0.0,0.0,5.75,5.833333333333333,2.0,6.5,162.0,5.833333333333333,2.0,2.0,3.3333333333333335,0
42,2,0,0,2,2,42_2,1,26,2,1,5,3,4,0,0.0,0.0,0.0,0.0,5.75,5.833333333333333,2.0,6.5,162.0,5.833333333333333,2.0,2.0,3.3333333333333335,0
42,3,1,1,0,2,42_3,1,26,2,1,5,3,4,0,0.0,0.0,0.0,0.0,5.75,5.833333333333333,2.0,6.5,162.0,5.833333333333333,2.0,2.0,3.3333333333333335,0
42,4,0,0,0,2,42_4,1,26,2,1,5,3,4,0,0.0,0.0,0.0,0.0,5.75,5.833333333333333,2.0,6.5,162.0,5.833333333333333,2.0,2.0,3.3333333333333335,0
42,5,1,1,1,1,42_5,1,26,2,1,5,3,4,0,0.0,0.0,0.0,0.0,5.75,5.833333333333333,2.0,6.5,162.0,5.833333333333333,2.0,2.0,3.3333333333333335,0
42,6,0,0,2,1,42_6,1,26,2,1,5,3,4,0,0.0,0.0,0.0,0.0,5.75,5.833333333333333,2.0,6.5,162.0,5.833333333333333,2.0,2.0,3.3333333333333335,0
42,7,1,1,1,0,42_7,1,26,2,1,5,3,4,0,0.0,0.0,0.0,0.0,5.75,5.833333333333333,2.0,6.5,162.0,5.833333333333333,2.0,2.0,3.3333333333333335,0
42,8,1,0,1,2,42_8,1,26,2,1,5,3,4,0,0.0,0.0,0.0,0.0,5.75,5.833333333333333,2.0,6.5,162.0,5.833333333333333,2.0,2.0,3.3333333333333335,0
42,9,0,0,2,0,42_9,1,26,2,1,5,3,4,0,0.0,0.0,0.0,0.0,5.75,5.833333333333333,2.0,6.5,162.0,5.833333333333333,2.0,2.0,3.3333333333333335,0
42,10,0,1,0,1,42_10,1,26,2,1,5,3,4,0,0.0,0.0,0.0,0.0,5.75,5.833333333333333,2.0,6.5,162.0,5.833333333333333,2.0,2.0,3.3333333333333335,0
42,11,1,1,2,1,42_11,1,26,2,1,5,3,4,0,0.0,0.0,0.0,0.0,5.75,5.833333333333333,2.0,6.5,162.0,5.833333333333333,2.0,2.0,3.3333333333333335,0
42,12,1,0,1,0,42_12,1,26,2,1,5,3,4,0,0.0,0.0,0.0,0.0,5.75,5.833333333333333,2.0,6.5,162.0,5.833333333333333,2.0,2.0,3.3333333333333335,0
43,1,0,0,1,1,43_1,1,26,3,1,4,1,2,1,0.0,15.16,41.76,171.3424,6.0,5.833333333333333,2.0,6.375,164.0,4.333333333333333,3.25,1.25,4.333333333333333,0
43,2,1,1,2,1,43_2,1,26,3,1,4,1,2,1,0.0,15.16,41.76,171.3424,6.0,5.833333333333333,2.0,6.375,164.0,4.333333333333333,3.25,1.25,4.333333333333333,0
43,3,0,1,1,2,43_3,1,26,3,1,4,1,2,1,0.0,15.16,41.76,171.3424,6.0,5.833333333333333,2.0,6.375,164.0,4.333333333333333,3.25,1.25,4.333333333333333,0
43,4,0,1,1,0,43_4,1,26,3,1,4,1,2,1,0.0,15.16,41.76,171.3424,6.0,5.833333333333333,2.0,6.375,164.0,4.333333333333333,3.25,1.25,4.333333333333333,0
43,5,1,0,2,1,43_5,1,26,3,1,4,1,2,1,0.0,15.16,41.76,171.3424,6.0,5.833333333333333,2.0,6.375,164.0,4.333333333333333,3.25,1.25,4.333333333333333,0
43,6,0,0,0,2,43_6,1,26,3,1,4,1,2,1,0.0,15.16,41.76,171.3424,6.0,5.833333333333333,2.0,6.375,164.0,4.333333333333333,3.25,1.25,4.333333333333333,0
43,7,1,0,0,1,43_7,1,26,3,1,4,1,2,1,0.0,15.16,41.76,171.3424,6.0,5.833333333333333,2.0,6.375,164.0,4.333333333333333,3.25,1.25,4.333333333333333,0
43,8,1,1,0,2,43_8,1,26,3,1,4,1,2,1,0.0,15.16,41.76,171.3424,6.0,5.833333333333333,2.0,6.375,164.0,4.333333333333333,3.25,1.25,4.333333333333333,0
43,9,0,1,2,0,43_9,1,26,3,1,4,1,2,1,0.0,15.16,41.76,171.3424,6.0,5.833333333333333,2.0,6.375,164.0,4.333333333333333,3.25,1.25,4.333333333333333,0
43,10,1,1,0,0,43_10,1,26,3,1,4,1,2,1,0.0,15.16,41.76,171.3424,6.0,5.833333333333333,2.0,6.375,164.0,4.333333333333333,3.25,1.25,4.333333333333333,0
43,11,0,0,1,2,43_11,1,26,3,1,4,1,2,1,0.0,15.16,41.76,171.3424,6.0,5.833333333333333,2.0,6.375,164.0,4.333333333333333,3.25,1.25,4.333333333333333,0
43,12,1,0,2,0,43_12,1,26,3,1,4,1,2,1,0.0,15.16,41.76,171.3424,6.0,5.833333333333333,2.0,6.375,164.0,4.333333333333333,3.25,1.25,4.333333333333333,0
44,1,1,1,1,0,44_1,0,26,3,1,5,0,0,0,67.48,60.64,111.36,544.6064,5.583333333333333,5.666666666666667,2.0,4.571428571428571,139.0,4.833333333333333,2.75,2.0,3.6666666666666665,0
44,2,0,0,2,0,44_2,0,26,3,1,5,0,0,0,67.48,60.64,111.36,544.6064,5.583333333333333,5.666666666666667,2.0,4.571428571428571,139.0,4.833333333333333,2.75,2.0,3.6666666666666665,0
44,3,1,1,1,1,44_3,0,26,3,1,5,0,0,0,67.48,60.64,111.36,544.6064,5.583333333333333,5.666666666666667,2.0,4.571428571428571,139.0,4.833333333333333,2.75,2.0,3.6666666666666665,0
44,4,1,1,2,1,44_4,0,26,3,1,5,0,0,0,67.48,60.64,111.36,544.6064,5.583333333333333,5.666666666666667,2.0,4.571428571428571,139.0,4.833333333333333,2.75,2.0,3.6666666666666665,0
44,5,0,1,0,2,44_5,0,26,3,1,5,0,0,0,67.48,60.64,111.36,544.6064,5.583333333333333,5.666666666666667,2.0,4.571428571428571,139.0,4.833333333333333,2.75,2.0,3.6666666666666665,0
44,6,1,0,2,0,44_6,0,26,3,1,5,0,0,0,67.48,60.64,111.36,544.6064,5.583333333333333,5.666666666666667,2.0,4.571428571428571,139.0,4.833333333333333,2.75,2.0,3.6666666666666665,0
44,7,1,1,2,2,44_7,0,26,3,1,5,0,0,0,67.48,60.64,111.36,544.6064,5.583333333333333,5.666666666666667,2.0,4.571428571428571,139.0,4.833333333333333,2.75,2.0,3.6666666666666665,0
44,8,0,0,0,1,44_8,0,26,3,1,5,0,0,0,67.48,60.64,111.36,544.6064,5.583333333333333,5.666666666666667,2.0,4.571428571428571,139.0,4.833333333333333,2.75,2.0,3.6666666666666665,0
44,9,0,0,1,2,44_9,0,26,3,1,5,0,0,0,67.48,60.64,111.36,544.6064,5.583333333333333,5.666666666666667,2.0,4.571428571428571,139.0,4.833333333333333,2.75,2.0,3.6666666666666665,0
44,10,0,0,1,0,44_10,0,26,3,1,5,0,0,0,67.48,60.64,111.36,544.6064,5.583333333333333,5.666666666666667,2.0,4.571428571428571,139.0,4.833333333333333,2.75,2.0,3.6666666666666665,0
44,11,1,0,0,2,44_11,0,26,3,1,5,0,0,0,67.48,60.64,111.36,544.6064,5.583333333333333,5.666666666666667,2.0,4.571428571428571,139.0,4.833333333333333,2.75,2.0,3.6666666666666665,0
44,12,0,1,0,1,44_12,0,26,3,1,5,0,0,0,67.48,60.64,111.36,544.6064,5.583333333333333,5.666666666666667,2.0,4.571428571428571,139.0,4.833333333333333,2.75,2.0,3.6666666666666665,0
45,1,0,0,2,1,45_1,0,30,2,1,3,1,0,2,19.28,30.32,55.68,257.8432,6.5,6.0,2.6666666666666665,5.625,167.0,5.333333333333333,2.5,3.5,5.333333333333333,1
45,2,1,1,1,1,45_2,0,30,2,1,3,1,0,2,19.28,30.32,55.68,257.8432,6.5,6.0,2.6666666666666665,5.625,167.0,5.333333333333333,2.5,3.5,5.333333333333333,1
45,3,0,0,0,1,45_3,0,30,2,1,3,1,0,2,19.28,30.32,55.68,257.8432,6.5,6.0,2.6666666666666665,5.625,167.0,5.333333333333333,2.5,3.5,5.333333333333333,1
45,4,0,1,2,2,45_4,0,30,2,1,3,1,0,2,19.28,30.32,55.68,257.8432,6.5,6.0,2.6666666666666665,5.625,167.0,5.333333333333333,2.5,3.5,5.333333333333333,1
45,5,0,0,1,2,45_5,0,30,2,1,3,1,0,2,19.28,30.32,55.68,257.8432,6.5,6.0,2.6666666666666665,5.625,167.0,5.333333333333333,2.5,3.5,5.333333333333333,1
45,6,1,0,0,0,45_6,0,30,2,1,3,1,0,2,19.28,30.32,55.68,257.8432,6.5,6.0,2.6666666666666665,5.625,167.0,5.333333333333333,2.5,3.5,5.333333333333333,1
45,7,1,1,1,0,45_7,0,30,2,1,3,1,0,2,19.28,30.32,55.68,257.8432,6.5,6.0,2.6666666666666665,5.625,167.0,5.333333333333333,2.5,3.5,5.333333333333333,1
45,8,1,1,2,1,45_8,0,30,2,1,3,1,0,2,19.28,30.32,55.68,257.8432,6.5,6.0,2.6666666666666665,5.625,167.0,5.333333333333333,2.5,3.5,5.333333333333333,1
45,9,1,1,0,2,45_9,0,30,2,1,3,1,0,2,19.28,30.32,55.68,257.8432,6.5,6.0,2.6666666666666665,5.625,167.0,5.333333333333333,2.5,3.5,5.333333333333333,1
45,10,0,1,0,2,45_10,0,30,2,1,3,1,0,2,19.28,30.32,55.68,257.8432,6.5,6.0,2.6666666666666665,5.625,167.0,5.333333333333333,2.5,3.5,5.333333333333333,1
45,11,0,0,1,0,45_11,0,30,2,1,3,1,0,2,19.28,30.32,55.68,257.8432,6.5,6.0,2.6666666666666665,5.625,167.0,5.333333333333333,2.5,3.5,5.333333333333333,1
45,12,1,0,2,0,45_12,0,30,2,1,3,1,0,2,19.28,30.32,55.68,257.8432,6.5,6.0,2.6666666666666665,5.625,167.0,5.333333333333333,2.5,3.5,5.333333333333333,1
46,1,1,0,2,0,46_1,1,29,3,1,5,0,2,0,28.92,60.64,111.36,506.0464,6.166666666666667,6.666666666666667,2.3333333333333335,5.875,168.0,4.666666666666667,1.75,1.0,3.6666666666666665,1
46,2,1,0,2,1,46_2,1,29,3,1,5,0,2,0,28.92,60.64,111.36,506.0464,6.166666666666667,6.666666666666667,2.3333333333333335,5.875,168.0,4.666666666666667,1.75,1.0,3.6666666666666665,1
46,3,0,1,1,1,46_3,1,29,3,1,5,0,2,0,28.92,60.64,111.36,506.0464,6.166666666666667,6.666666666666667,2.3333333333333335,5.875,168.0,4.666666666666667,1.75,1.0,3.6666666666666665,1
46,4,1,1,1,2,46_4,1,29,3,1,5,0,2,0,28.92,60.64,111.36,506.0464,6.166666666666667,6.666666666666667,2.3333333333333335,5.875,168.0,4.666666666666667,1.75,1.0,3.6666666666666665,1
46,5,0,1,0,2,46_5,1,29,3,1,5,0,2,0,28.92,60.64,111.36,506.0464,6.166666666666667,6.666666666666667,2.3333333333333335,5.875,168.0,4.666666666666667,1.75,1.0,3.6666666666666665,1
46,6,0,0,2,2,46_6,1,29,3,1,5,0,2,0,28.92,60.64,111.36,506.0464,6.166666666666667,6.666666666666667,2.3333333333333335,5.875,168.0,4.666666666666667,1.75,1.0,3.6666666666666665,1
46,7,0,0,1,0,46_7,1,29,3,1,5,0,2,0,28.92,60.64,111.36,506.0464,6.166666666666667,6.666666666666667,2.3333333333333335,5.875,168.0,4.666666666666667,1.75,1.0,3.6666666666666665,1
46,8,1,1,0,2,46_8,1,29,3,1,5,0,2,0,28.92,60.64,111.36,506.0464,6.166666666666667,6.666666666666667,2.3333333333333335,5.875,168.0,4.666666666666667,1.75,1.0,3.6666666666666665,1
46,9,0,0,0,1,46_9,1,29,3,1,5,0,2,0,28.92,60.64,111.36,506.0464,6.166666666666667,6.666666666666667,2.3333333333333335,5.875,168.0,4.666666666666667,1.75,1.0,3.6666666666666665,1
46,10,1,0,1,0,46_10,1,29,3,1,5,0,2,0,28.92,60.64,111.36,506.0464,6.166666666666667,6.666666666666667,2.3333333333333335,5.875,168.0,4.666666666666667,1.75,1.0,3.6666666666666665,1
46,11,1,1,0,0,46_11,1,29,3,1,5,0,2,0,28.92,60.64,111.36,506.0464,6.166666666666667,6.666666666666667,2.3333333333333335,5.875,168.0,4.666666666666667,1.75,1.0,3.6666666666666665,1
46,12,0,1,2,1,46_12,1,29,3,1,5,0,2,0,28.92,60.64,111.36,506.0464,6.166666666666667,6.666666666666667,2.3333333333333335,5.875,168.0,4.666666666666667,1.75,1.0,3.6666666666666665,1
47,1,0,0,0,1,47_1,1,27,3,1,3,0,2,0,0.0,7.58,27.84,111.7016,6.083333333333333,5.333333333333333,2.6666666666666665,5.25,155.0,5.0,2.0,1.25,3.0,0
47,2,1,0,1,0,47_2,1,27,3,1,3,0,2,0,0.0,7.58,27.84,111.7016,6.083333333333333,5.333333333333333,2.6666666666666665,5.25,155.0,5.0,2.0,1.25,3.0,0
47,3,0,1,1,0,47_3,1,27,3,1,3,0,2,0,0.0,7.58,27.84,111.7016,6.083333333333333,5.333333333333333,2.6666666666666665,5.25,155.0,5.0,2.0,1.25,3.0,0
47,4,0,1,1,1,47_4,1,27,3,1,3,0,2,0,0.0,7.58,27.84,111.7016,6.083333333333333,5.333333333333333,2.6666666666666665,5.25,155.0,5.0,2.0,1.25,3.0,0
47,5,0,0,2,2,47_5,1,27,3,1,3,0,2,0,0.0,7.58,27.84,111.7016,6.083333333333333,5.333333333333333,2.6666666666666665,5.25,155.0,5.0,2.0,1.25,3.0,0
47,6,1,1,1,2,47_6,1,27,3,1,3,0,2,0,0.0,7.58,27.84,111.7016,6.083333333333333,5.333333333333333,2.6666666666666665,5.25,155.0,5.0,2.0,1.25,3.0,0
47,9,1,0,2,0,47_9,1,27,3,1,3,0,2,0,0.0,7.58,27.84,111.7016,6.083333333333333,5.333333333333333,2.6666666666666665,5.25,155.0,5.0,2.0,1.25,3.0,0
47,10,1,0,0,2,47_10,1,27,3,1,3,0,2,0,0.0,7.58,27.84,111.7016,6.083333333333333,5.333333333333333,2.6666666666666665,5.25,155.0,5.0,2.0,1.25,3.0,0
47,12,0,1,0,1,47_12,1,27,3,1,3,0,2,0,0.0,7.58,27.84,111.7016,6.083333333333333,5.333333333333333,2.6666666666666665,5.25,155.0,5.0,2.0,1.25,3.0,0
48,2,1,1,2,1,48_2,0,29,3,1,5,2,2,2,0.0,7.58,27.84,111.7016,4.0,4.666666666666667,3.6666666666666665,4.857142857142857,121.0,4.5,1.5,1.75,5.0,1
48,3,0,1,2,1,48_3,0,29,3,1,5,2,2,2,0.0,7.58,27.84,111.7016,4.0,4.666666666666667,3.6666666666666665,4.857142857142857,121.0,4.5,1.5,1.75,5.0,1
48,4,0,0,2,0,48_4,0,29,3,1,5,2,2,2,0.0,7.58,27.84,111.7016,4.0,4.666666666666667,3.6666666666666665,4.857142857142857,121.0,4.5,1.5,1.75,5.0,1
48,5,1,0,1,2,48_5,0,29,3,1,5,2,2,2,0.0,7.58,27.84,111.7016,4.0,4.666666666666667,3.6666666666666665,4.857142857142857,121.0,4.5,1.5,1.75,5.0,1
48,6,0,1,0,2,48_6,0,29,3,1,5,2,2,2,0.0,7.58,27.84,111.7016,4.0,4.666666666666667,3.6666666666666665,4.857142857142857,121.0,4.5,1.5,1.75,5.0,1
48,7,1,0,1,1,48_7,0,29,3,1,5,2,2,2,0.0,7.58,27.84,111.7016,4.0,4.666666666666667,3.6666666666666665,4.857142857142857,121.0,4.5,1.5,1.75,5.0,1
48,8,1,1,1,1,48_8,0,29,3,1,5,2,2,2,0.0,7.58,27.84,111.7016,4.0,4.666666666666667,3.6666666666666665,4.857142857142857,121.0,4.5,1.5,1.75,5.0,1
48,9,0,0,0,2,48_9,0,29,3,1,5,2,2,2,0.0,7.58,27.84,111.7016,4.0,4.666666666666667,3.6666666666666665,4.857142857142857,121.0,4.5,1.5,1.75,5.0,1
48,10,1,0,0,2,48_10,0,29,3,1,5,2,2,2,0.0,7.58,27.84,111.7016,4.0,4.666666666666667,3.6666666666666665,4.857142857142857,121.0,4.5,1.5,1.75,5.0,1
48,11,0,0,1,0,48_11,0,29,3,1,5,2,2,2,0.0,7.58,27.84,111.7016,4.0,4.666666666666667,3.6666666666666665,4.857142857142857,121.0,4.5,1.5,1.75,5.0,1
48,12,0,1,2,0,48_12,0,29,3,1,5,2,2,2,0.0,7.58,27.84,111.7016,4.0,4.666666666666667,3.6666666666666665,4.857142857142857,121.0,4.5,1.5,1.75,5.0,1
49,1,0,1,0,2,49_1,1,29,3,1,5,0,2,2,0.0,0.0,0.0,0.0,5.833333333333333,6.333333333333333,2.6666666666666665,6.5,168.0,5.0,2.0,1.0,4.666666666666667,1
49,2,1,1,2,1,49_2,1,29,3,1,5,0,2,2,0.0,0.0,0.0,0.0,5.833333333333333,6.333333333333333,2.6666666666666665,6.5,168.0,5.0,2.0,1.0,4.666666666666667,1
49,3,1,1,1,0,49_3,1,29,3,1,5,0,2,2,0.0,0.0,0.0,0.0,5.833333333333333,6.333333333333333,2.6666666666666665,6.5,168.0,5.0,2.0,1.0,4.666666666666667,1
49,4,0,0,1,1,49_4,1,29,3,1,5,0,2,2,0.0,0.0,0.0,0.0,5.833333333333333,6.333333333333333,2.6666666666666665,6.5,168.0,5.0,2.0,1.0,4.666666666666667,1
49,5,1,1,0,2,49_5,1,29,3,1,5,0,2,2,0.0,0.0,0.0,0.0,5.833333333333333,6.333333333333333,2.6666666666666665,6.5,168.0,5.0,2.0,1.0,4.666666666666667,1
49,6,0,1,2,1,49_6,1,29,3,1,5,0,2,2,0.0,0.0,0.0,0.0,5.833333333333333,6.333333333333333,2.6666666666666665,6.5,168.0,5.0,2.0,1.0,4.666666666666667,1
49,7,0,1,0,0,49_7,1,29,3,1,5,0,2,2,0.0,0.0,0.0,0.0,5.833333333333333,6.333333333333333,2.6666666666666665,6.5,168.0,5.0,2.0,1.0,4.666666666666667,1
49,8,0,0,1,2,49_8,1,29,3,1,5,0,2,2,0.0,0.0,0.0,0.0,5.833333333333333,6.333333333333333,2.6666666666666665,6.5,168.0,5.0,2.0,1.0,4.666666666666667,1
49,9,1,0,1,2,49_9,1,29,3,1,5,0,2,2,0.0,0.0,0.0,0.0,5.833333333333333,6.333333333333333,2.6666666666666665,6.5,168.0,5.0,2.0,1.0,4.666666666666667,1
49,10,1,0,0,0,49_10,1,29,3,1,5,0,2,2,0.0,0.0,0.0,0.0,5.833333333333333,6.333333333333333,2.6666666666666665,6.5,168.0,5.0,2.0,1.0,4.666666666666667,1
49,11,1,0,2,1,49_11,1,29,3,1,5,0,2,2,0.0,0.0,0.0,0.0,5.833333333333333,6.333333333333333,2.6666666666666665,6.5,168.0,5.0,2.0,1.0,4.666666666666667,1
49,12,0,0,2,0,49_12,1,29,3,1,5,0,2,2,0.0,0.0,0.0,0.0,5.833333333333333,6.333333333333333,2.6666666666666665,6.5,168.0,5.0,2.0,1.0,4.666666666666667,1
4,1,0,1,0,1,4_1,1,25,3,1,5,0,2,0,0.0,0.0,0.0,0.0,7.0,7.0,1.0,7.0,185.0,5.833333333333333,5.25,3.5,5.0,2
4,2,0,1,2,2,4_2,1,25,3,1,5,0,2,0,0.0,0.0,0.0,0.0,7.0,7.0,1.0,7.0,185.0,5.833333333333333,5.25,3.5,5.0,2
4,3,0,0,2,1,4_3,1,25,3,1,5,0,2,0,0.0,0.0,0.0,0.0,7.0,7.0,1.0,7.0,185.0,5.833333333333333,5.25,3.5,5.0,2
4,4,1,1,1,2,4_4,1,25,3,1,5,0,2,0,0.0,0.0,0.0,0.0,7.0,7.0,1.0,7.0,185.0,5.833333333333333,5.25,3.5,5.0,2
4,5,1,0,0,2,4_5,1,25,3,1,5,0,2,0,0.0,0.0,0.0,0.0,7.0,7.0,1.0,7.0,185.0,5.833333333333333,5.25,3.5,5.0,2
4,6,1,0,1,0,4_6,1,25,3,1,5,0,2,0,0.0,0.0,0.0,0.0,7.0,7.0,1.0,7.0,185.0,5.833333333333333,5.25,3.5,5.0,2
4,7,1,0,0,0,4_7,1,25,3,1,5,0,2,0,0.0,0.0,0.0,0.0,7.0,7.0,1.0,7.0,185.0,5.833333333333333,5.25,3.5,5.0,2
4,8,1,1,0,1,4_8,1,25,3,1,5,0,2,0,0.0,0.0,0.0,0.0,7.0,7.0,1.0,7.0,185.0,5.833333333333333,5.25,3.5,5.0,2
4,9,0,1,1,0,4_9,1,25,3,1,5,0,2,0,0.0,0.0,0.0,0.0,7.0,7.0,1.0,7.0,185.0,5.833333333333333,5.25,3.5,5.0,2
4,10,0,0,1,2,4_10,1,25,3,1,5,0,2,0,0.0,0.0,0.0,0.0,7.0,7.0,1.0,7.0,185.0,5.833333333333333,5.25,3.5,5.0,2
4,11,1,0,2,0,4_11,1,25,3,1,5,0,2,0,0.0,0.0,0.0,0.0,7.0,7.0,1.0,7.0,185.0,5.833333333333333,5.25,3.5,5.0,2
4,12,0,1,2,1,4_12,1,25,3,1,5,0,2,0,0.0,0.0,0.0,0.0,7.0,7.0,1.0,7.0,185.0,5.833333333333333,5.25,3.5,5.0,2
50,1,0,1,0,1,50_1,1,26,2,1,5,1,2,1,9.64,22.74,69.6,292.68399999999997,5.583333333333333,4.666666666666667,1.3333333333333333,6.714285714285714,146.0,5.166666666666667,3.25,1.0,2.0,0
50,2,1,0,1,0,50_2,1,26,2,1,5,1,2,1,9.64,22.74,69.6,292.68399999999997,5.583333333333333,4.666666666666667,1.3333333333333333,6.714285714285714,146.0,5.166666666666667,3.25,1.0,2.0,0
50,3,0,1,2,1,50_3,1,26,2,1,5,1,2,1,9.64,22.74,69.6,292.68399999999997,5.583333333333333,4.666666666666667,1.3333333333333333,6.714285714285714,146.0,5.166666666666667,3.25,1.0,2.0,0
50,4,0,1,2,2,50_4,1,26,2,1,5,1,2,1,9.64,22.74,69.6,292.68399999999997,5.583333333333333,4.666666666666667,1.3333333333333333,6.714285714285714,146.0,5.166666666666667,3.25,1.0,2.0,0
50,5,1,1,1,0,50_5,1,26,2,1,5,1,2,1,9.64,22.74,69.6,292.68399999999997,5.583333333333333,4.666666666666667,1.3333333333333333,6.714285714285714,146.0,5.166666666666667,3.25,1.0,2.0,0
50,6,1,0,2,2,50_6,1,26,2,1,5,1,2,1,9.64,22.74,69.6,292.68399999999997,5.583333333333333,4.666666666666667,1.3333333333333333,6.714285714285714,146.0,5.166666666666667,3.25,1.0,2.0,0
50,7,1,0,1,1,50_7,1,26,2,1,5,1,2,1,9.64,22.74,69.6,292.68399999999997,5.583333333333333,4.666666666666667,1.3333333333333333,6.714285714285714,146.0,5.166666666666667,3.25,1.0,2.0,0
50,8,1,0,0,2,50_8,1,26,2,1,5,1,2,1,9.64,22.74,69.6,292.68399999999997,5.583333333333333,4.666666666666667,1.3333333333333333,6.714285714285714,146.0,5.166666666666667,3.25,1.0,2.0,0
50,9,0,1,1,0,50_9,1,26,2,1,5,1,2,1,9.64,22.74,69.6,292.68399999999997,5.583333333333333,4.666666666666667,1.3333333333333333,6.714285714285714,146.0,5.166666666666667,3.25,1.0,2.0,0
50,10,0,0,2,0,50_10,1,26,2,1,5,1,2,1,9.64,22.74,69.6,292.68399999999997,5.583333333333333,4.666666666666667,1.3333333333333333,6.714285714285714,146.0,5.166666666666667,3.25,1.0,2.0,0
50,11,1,0,0,1,50_11,1,26,2,1,5,1,2,1,9.64,22.74,69.6,292.68399999999997,5.583333333333333,4.666666666666667,1.3333333333333333,6.714285714285714,146.0,5.166666666666667,3.25,1.0,2.0,0
51,1,0,0,1,1,51_1,0,24,3,1,4,1,0,0,0.0,15.16,13.92,67.2208,5.583333333333333,4.166666666666667,1.3333333333333333,5.0,136.0,5.0,1.25,1.0,5.0,1
51,2,1,1,2,1,51_2,0,24,3,1,4,1,0,0,0.0,15.16,13.92,67.2208,5.583333333333333,4.166666666666667,1.3333333333333333,5.0,136.0,5.0,1.25,1.0,5.0,1
51,3,0,0,2,0,51_3,0,24,3,1,4,1,0,0,0.0,15.16,13.92,67.2208,5.583333333333333,4.166666666666667,1.3333333333333333,5.0,136.0,5.0,1.25,1.0,5.0,1
51,4,1,1,1,0,51_4,0,24,3,1,4,1,0,0,0.0,15.16,13.92,67.2208,5.583333333333333,4.166666666666667,1.3333333333333333,5.0,136.0,5.0,1.25,1.0,5.0,1
51,5,0,1,2,1,51_5,0,24,3,1,4,1,0,0,0.0,15.16,13.92,67.2208,5.583333333333333,4.166666666666667,1.3333333333333333,5.0,136.0,5.0,1.25,1.0,5.0,1
51,7,1,0,0,0,51_7,0,24,3,1,4,1,0,0,0.0,15.16,13.92,67.2208,5.583333333333333,4.166666666666667,1.3333333333333333,5.0,136.0,5.0,1.25,1.0,5.0,1
51,8,1,0,2,2,51_8,0,24,3,1,4,1,0,0,0.0,15.16,13.92,67.2208,5.583333333333333,4.166666666666667,1.3333333333333333,5.0,136.0,5.0,1.25,1.0,5.0,1
51,9,0,1,0,2,51_9,0,24,3,1,4,1,0,0,0.0,15.16,13.92,67.2208,5.583333333333333,4.166666666666667,1.3333333333333333,5.0,136.0,5.0,1.25,1.0,5.0,1
51,10,0,0,1,2,51_10,0,24,3,1,4,1,0,0,0.0,15.16,13.92,67.2208,5.583333333333333,4.166666666666667,1.3333333333333333,5.0,136.0,5.0,1.25,1.0,5.0,1
51,11,0,1,0,0,51_11,0,24,3,1,4,1,0,0,0.0,15.16,13.92,67.2208,5.583333333333333,4.166666666666667,1.3333333333333333,5.0,136.0,5.0,1.25,1.0,5.0,1
51,12,1,0,1,1,51_12,0,24,3,1,4,1,0,0,0.0,15.16,13.92,67.2208,5.583333333333333,4.166666666666667,1.3333333333333333,5.0,136.0,5.0,1.25,1.0,5.0,1
5,1,1,1,1,0,5_1,1,22,0,1,5,1,1,0,9.64,15.16,13.92,76.8608,5.25,5.166666666666667,1.0,6.25,147.0,4.833333333333333,5.5,1.5,3.0,2
5,2,0,0,2,2,5_2,1,22,0,1,5,1,1,0,9.64,15.16,13.92,76.8608,5.25,5.166666666666667,1.0,6.25,147.0,4.833333333333333,5.5,1.5,3.0,2
5,3,0,0,2,0,5_3,1,22,0,1,5,1,1,0,9.64,15.16,13.92,76.8608,5.25,5.166666666666667,1.0,6.25,147.0,4.833333333333333,5.5,1.5,3.0,2
5,4,0,0,2,1,5_4,1,22,0,1,5,1,1,0,9.64,15.16,13.92,76.8608,5.25,5.166666666666667,1.0,6.25,147.0,4.833333333333333,5.5,1.5,3.0,2
5,6,1,0,0,1,5_6,1,22,0,1,5,1,1,0,9.64,15.16,13.92,76.8608,5.25,5.166666666666667,1.0,6.25,147.0,4.833333333333333,5.5,1.5,3.0,2
5,8,1,0,2,2,5_8,1,22,0,1,5,1,1,0,9.64,15.16,13.92,76.8608,5.25,5.166666666666667,1.0,6.25,147.0,4.833333333333333,5.5,1.5,3.0,2
5,9,1,0,1,0,5_9,1,22,0,1,5,1,1,0,9.64,15.16,13.92,76.8608,5.25,5.166666666666667,1.0,6.25,147.0,4.833333333333333,5.5,1.5,3.0,2
5,10,0,1,1,2,5_10,1,22,0,1,5,1,1,0,9.64,15.16,13.92,76.8608,5.25,5.166666666666667,1.0,6.25,147.0,4.833333333333333,5.5,1.5,3.0,2
5,11,1,1,0,2,5_11,1,22,0,1,5,1,1,0,9.64,15.16,13.92,76.8608,5.25,5.166666666666667,1.0,6.25,147.0,4.833333333333333,5.5,1.5,3.0,2
5,12,0,1,1,0,5_12,1,22,0,1,5,1,1,0,9.64,15.16,13.92,76.8608,5.25,5.166666666666667,1.0,6.25,147.0,4.833333333333333,5.5,1.5,3.0,2
6,1,0,0,2,0,6_1,0,29,4,1,5,2,2,0,57.84,45.48,55.68,311.5632,4.666666666666667,5.166666666666667,3.3333333333333335,4.857142857142857,131.0,5.5,1.75,1.0,4.333333333333333,1
6,2,0,0,0,1,6_2,0,29,4,1,5,2,2,0,57.84,45.48,55.68,311.5632,4.666666666666667,5.166666666666667,3.3333333333333335,4.857142857142857,131.0,5.5,1.75,1.0,4.333333333333333,1
6,3,0,0,1,2,6_3,0,29,4,1,5,2,2,0,57.84,45.48,55.68,311.5632,4.666666666666667,5.166666666666667,3.3333333333333335,4.857142857142857,131.0,5.5,1.75,1.0,4.333333333333333,1
6,4,1,1,2,0,6_4,0,29,4,1,5,2,2,0,57.84,45.48,55.68,311.5632,4.666666666666667,5.166666666666667,3.3333333333333335,4.857142857142857,131.0,5.5,1.75,1.0,4.333333333333333,1
6,5,1,0,1,0,6_5,0,29,4,1,5,2,2,0,57.84,45.48,55.68,311.5632,4.666666666666667,5.166666666666667,3.3333333333333335,4.857142857142857,131.0,5.5,1.75,1.0,4.333333333333333,1
6,6,1,1,1,1,6_6,0,29,4,1,5,2,2,0,57.84,45.48,55.68,311.5632,4.666666666666667,5.166666666666667,3.3333333333333335,4.857142857142857,131.0,5.5,1.75,1.0,4.333333333333333,1
6,7,0,1,2,1,6_7,0,29,4,1,5,2,2,0,57.84,45.48,55.68,311.5632,4.666666666666667,5.166666666666667,3.3333333333333335,4.857142857142857,131.0,5.5,1.75,1.0,4.333333333333333,1
6,8,1,1,0,2,6_8,0,29,4,1,5,2,2,0,57.84,45.48,55.68,311.5632,4.666666666666667,5.166666666666667,3.3333333333333335,4.857142857142857,131.0,5.5,1.75,1.0,4.333333333333333,1
6,9,1,0,0,1,6_9,0,29,4,1,5,2,2,0,57.84,45.48,55.68,311.5632,4.666666666666667,5.166666666666667,3.3333333333333335,4.857142857142857,131.0,5.5,1.75,1.0,4.333333333333333,1
6,10,0,1,1,2,6_10,0,29,4,1,5,2,2,0,57.84,45.48,55.68,311.5632,4.666666666666667,5.166666666666667,3.3333333333333335,4.857142857142857,131.0,5.5,1.75,1.0,4.333333333333333,1
6,11,0,1,0,2,6_11,0,29,4,1,5,2,2,0,57.84,45.48,55.68,311.5632,4.666666666666667,5.166666666666667,3.3333333333333335,4.857142857142857,131.0,5.5,1.75,1.0,4.333333333333333,1
6,12,1,0,2,0,6_12,0,29,4,1,5,2,2,0,57.84,45.48,55.68,311.5632,4.666666666666667,5.166666666666667,3.3333333333333335,4.857142857142857,131.0,5.5,1.75,1.0,4.333333333333333,1
7,1,0,0,2,0,7_1,1,24,2,1,5,1,3,2,0.0,0.0,13.92,52.0608,5.833333333333333,5.333333333333333,2.3333333333333335,6.285714285714286,153.0,5.833333333333333,3.5,1.0,5.666666666666667,0
7,2,0,0,0,1,7_2,1,24,2,1,5,1,3,2,0.0,0.0,13.92,52.0608,5.833333333333333,5.333333333333333,2.3333333333333335,6.285714285714286,153.0,5.833333333333333,3.5,1.0,5.666666666666667,0
7,3,0,0,1,2,7_3,1,24,2,1,5,1,3,2,0.0,0.0,13.92,52.0608,5.833333333333333,5.333333333333333,2.3333333333333335,6.285714285714286,153.0,5.833333333333333,3.5,1.0,5.666666666666667,0
7,4,1,1,2,0,7_4,1,24,2,1,5,1,3,2,0.0,0.0,13.92,52.0608,5.833333333333333,5.333333333333333,2.3333333333333335,6.285714285714286,153.0,5.833333333333333,3.5,1.0,5.666666666666667,0
7,5,1,0,1,0,7_5,1,24,2,1,5,1,3,2,0.0,0.0,13.92,52.0608,5.833333333333333,5.333333333333333,2.3333333333333335,6.285714285714286,153.0,5.833333333333333,3.5,1.0,5.666666666666667,0
7,6,1,1,1,1,7_6,1,24,2,1,5,1,3,2,0.0,0.0,13.92,52.0608,5.833333333333333,5.333333333333333,2.3333333333333335,6.285714285714286,153.0,5.833333333333333,3.5,1.0,5.666666666666667,0
7,7,0,1,2,1,7_7,1,24,2,1,5,1,3,2,0.0,0.0,13.92,52.0608,5.833333333333333,5.333333333333333,2.3333333333333335,6.285714285714286,153.0,5.833333333333333,3.5,1.0,5.666666666666667,0
7,8,1,1,0,2,7_8,1,24,2,1,5,1,3,2,0.0,0.0,13.92,52.0608,5.833333333333333,5.333333333333333,2.3333333333333335,6.285714285714286,153.0,5.833333333333333,3.5,1.0,5.666666666666667,0
7,9,1,0,0,1,7_9,1,24,2,1,5,1,3,2,0.0,0.0,13.92,52.0608,5.833333333333333,5.333333333333333,2.3333333333333335,6.285714285714286,153.0,5.833333333333333,3.5,1.0,5.666666666666667,0
7,10,0,1,1,2,7_10,1,24,2,1,5,1,3,2,0.0,0.0,13.92,52.0608,5.833333333333333,5.333333333333333,2.3333333333333335,6.285714285714286,153.0,5.833333333333333,3.5,1.0,5.666666666666667,0
7,11,0,1,0,2,7_11,1,24,2,1,5,1,3,2,0.0,0.0,13.92,52.0608,5.833333333333333,5.333333333333333,2.3333333333333335,6.285714285714286,153.0,5.833333333333333,3.5,1.0,5.666666666666667,0
7,12,1,0,2,0,7_12,1,24,2,1,5,1,3,2,0.0,0.0,13.92,52.0608,5.833333333333333,5.333333333333333,2.3333333333333335,6.285714285714286,153.0,5.833333333333333,3.5,1.0,5.666666666666667,0
8,1,0,0,1,0,8_1,0,30,4,1,5,0,4,0,28.92,68.22,83.52,409.5048,6.0,4.666666666666667,2.0,6.375,157.0,6.0,1.0,2.0,4.666666666666667,1
8,2,1,1,2,2,8_2,0,30,4,1,5,0,4,0,28.92,68.22,83.52,409.5048,6.0,4.666666666666667,2.0,6.375,157.0,6.0,1.0,2.0,4.666666666666667,1
8,3,0,1,2,0,8_3,0,30,4,1,5,0,4,0,28.92,68.22,83.52,409.5048,6.0,4.666666666666667,2.0,6.375,157.0,6.0,1.0,2.0,4.666666666666667,1
8,4,0,1,1,1,8_4,0,30,4,1,5,0,4,0,28.92,68.22,83.52,409.5048,6.0,4.666666666666667,2.0,6.375,157.0,6.0,1.0,2.0,4.666666666666667,1
8,5,1,0,0,0,8_5,0,30,4,1,5,0,4,0,28.92,68.22,83.52,409.5048,6.0,4.666666666666667,2.0,6.375,157.0,6.0,1.0,2.0,4.666666666666667,1
8,6,1,0,1,1,8_6,0,30,4,1,5,0,4,0,28.92,68.22,83.52,409.5048,6.0,4.666666666666667,2.0,6.375,157.0,6.0,1.0,2.0,4.666666666666667,1
8,7,0,0,1,2,8_7,0,30,4,1,5,0,4,0,28.92,68.22,83.52,409.5048,6.0,4.666666666666667,2.0,6.375,157.0,6.0,1.0,2.0,4.666666666666667,1
8,8,1,1,2,1,8_8,0,30,4,1,5,0,4,0,28.92,68.22,83.52,409.5048,6.0,4.666666666666667,2.0,6.375,157.0,6.0,1.0,2.0,4.666666666666667,1
8,9,0,0,0,0,8_9,0,30,4,1,5,0,4,0,28.92,68.22,83.52,409.5048,6.0,4.666666666666667,2.0,6.375,157.0,6.0,1.0,2.0,4.666666666666667,1
8,10,1,1,0,1,8_10,0,30,4,1,5,0,4,0,28.92,68.22,83.52,409.5048,6.0,4.666666666666667,2.0,6.375,157.0,6.0,1.0,2.0,4.666666666666667,1
8,11,1,0,2,2,8_11,0,30,4,1,5,0,4,0,28.92,68.22,83.52,409.5048,6.0,4.666666666666667,2.0,6.375,157.0,6.0,1.0,2.0,4.666666666666667,1
8,12,0,1,0,2,8_12,0,30,4,1,5,0,4,0,28.92,68.22,83.52,409.5048,6.0,4.666666666666667,2.0,6.375,157.0,6.0,1.0,2.0,4.666666666666667,1
9,1,1,0,0,0,9_1,0,22,2,1,5,1,1,0,0.0,0.0,0.0,0.0,4.666666666666667,5.0,4.333333333333333,5.571428571428571,138.0,4.5,2.25,1.0,4.0,1
9,3,0,1,2,2,9_3,0,22,2,1,5,1,1,0,0.0,0.0,0.0,0.0,4.666666666666667,5.0,4.333333333333333,5.571428571428571,138.0,4.5,2.25,1.0,4.0,1
9,4,1,1,1,0,9_4,0,22,2,1,5,1,1,0,0.0,0.0,0.0,0.0,4.666666666666667,5.0,4.333333333333333,5.571428571428571,138.0,4.5,2.25,1.0,4.0,1
9,5,1,1,2,0,9_5,0,22,2,1,5,1,1,0,0.0,0.0,0.0,0.0,4.666666666666667,5.0,4.333333333333333,5.571428571428571,138.0,4.5,2.25,1.0,4.0,1
9,6,0,1,2,1,9_6,0,22,2,1,5,1,1,0,0.0,0.0,0.0,0.0,4.666666666666667,5.0,4.333333333333333,5.571428571428571,138.0,4.5,2.25,1.0,4.0,1
9,7,0,0,1,2,9_7,0,22,2,1,5,1,1,0,0.0,0.0,0.0,0.0,4.666666666666667,5.0,4.333333333333333,5.571428571428571,138.0,4.5,2.25,1.0,4.0,1
9,8,1,1,1,2,9_8,0,22,2,1,5,1,1,0,0.0,0.0,0.0,0.0,4.666666666666667,5.0,4.333333333333333,5.571428571428571,138.0,4.5,2.25,1.0,4.0,1
9,10,0,1,1,0,9_10,0,22,2,1,5,1,1,0,0.0,0.0,0.0,0.0,4.666666666666667,5.0,4.333333333333333,5.571428571428571,138.0,4.5,2.25,1.0,4.0,1
9,11,1,0,0,1,9_11,0,22,2,1,5,1,1,0,0.0,0.0,0.0,0.0,4.666666666666667,5.0,4.333333333333333,5.571428571428571,138.0,4.5,2.25,1.0,4.0,1
9,12,1,0,0,2,9_12,0,22,2,1,5,1,1,0,0.0,0.0,0.0,0.0,4.666666666666667,5.0,4.333333333333333,5.571428571428571,138.0,4.5,2.25,1.0,4.0,1
